1,Sherise,Fisher,2500 Rose Avenue,New Orleans,LA,70127,SheriseRFisher@dayrep.com,504-242-3616,1Z 985 277 62 5215 190 2
2,Frances,Loehr,1178 Barrington Court,Pine Bluff,AR,71601,FrancesWLoehr@superrito.com,870-575-7339,1Z 95V 880 65 9053 803 5
3,James,Hill,3572 Poco Mas Drive,Dallas,TX,75248,JamesSHill@dayrep.com,214-505-7702,1Z 9F4 950 14 2105 474 1
4,Leslie,Joseph,3485 Selah Way,Burlington,VT,5401,LeslieJJoseph@superrito.com,802-658-5830,1Z 50E 960 26 8311 964 3
5,Timothy,Garcia,3758 Nuzum Court,Buffalo,NY,14202,TimothyTGarcia@einrot.com,716-609-9050,1Z 5A4 175 86 3409 147 3
6,Mike,Haas,3158 Thorn Street,Sheridan,WY,82801,MikeHHaas@gustr.com,307-674-2608,1Z 812 123 84 4477 157 3
7,Nicholas,Sowa,4624 Pooh Bear Lane,Greenville,SC,29601,NicholasLSowa@rhyta.com,864-649-4488,1Z 346 000 74 8744 806 5
8,Vernon,Parker,2230 Stockert Hollow Road,Renton,WA,98055,VernonJParker@superrito.com,425-917-5489,1Z 196 26W 97 6391 432 2
9,Helen,McFarlane,3544 Sycamore Fork Road,Ft Lauderdale,FL,33311,HelenEMcFarlane@armyspy.com,954-261-1597,1Z 032 783 13 9155 101 5
10,Dallas,Wilson,4011 Wildrose Lane,Southfield,MI,48075,DallasNWilson@rhyta.com,313-743-7932,1Z 60Y W47 38 6444 663 2
11,Michaela,Coleman,3769 Reel Avenue,Tse Bonito,NM,86515,MichaelaWColeman@gustr.com,505-371-2728,1Z 834 950 20 7193 417 5
12,Dewey,Alvord,2263 Platinum Drive,Pittsburgh,PA,15205,DeweyCAlvord@armyspy.com,724-793-0815,1Z 021 719 20 4458 374 7
13,Dennis,Haag,344 Pickens Way,Farmers Branch,TX,75244,DennisBHaag@einrot.com,903-357-3093,1Z 712 449 19 1982 658 2
14,Audrey,Richardson,2823 Airplane Avenue,Stamford,CT,6902,AudreyGRichardson@armyspy.com,860-858-2155,1Z 606 923 04 2791 711 1
15,Theodore,Dillon,2787 Mount Olive Road,Atlanta,GA,30303,TheodoreADillon@einrot.com,678-881-2495,1Z 33W E16 92 3942 351 0
16,Patricia,McCoy,297 Goldcliff Circle,Washington,DC,20200,PatriciaHMcCoy@cuvox.de,202-601-9466,1Z 020 57A 38 4720 820 3
17,Jerry,Lopez,496 Haul Road,Eagan,MN,55121,JerryJLopez@cuvox.de,651-235-0528,1Z W90 290 87 9851 206 2
18,Stanley,Kozak,4012 Scenicview Drive,Midland,TX,79701,StanleyBKozak@armyspy.com,432-234-2051,1Z 04F 38Y 78 8159 575 8
19,Connie,Tang,3040 Alexander Avenue,Fremont,CA,94539,ConnieLTang@jourrapide.com,925-558-1797,1Z 185 582 46 3250 608 3
20,Gwendolyn,Vicente,4449 High Meadow Lane,Bloomsburg,PA,17815,GwendolynWVicente@rhyta.com,570-486-2453,1Z 099 1F9 36 4841 345 6
21,Victor,McDaniel,9 Martha Ellen Drive,Reno,NV,89509,VictorJMcDaniel@armyspy.com,775-828-4116,1Z Y50 997 69 4466 304 6
22,Barbara,Huffman,4793 Freedom Lane,Lodi,CA,95240,BarbaraWHuffman@einrot.com,209-331-5596,1Z 56Y W45 07 9450 147 1
23,Sue,Thorton,3557 Deer Haven Drive,Greenville,SC,29601,SueBThorton@fleckens.hu,864-392-1430,1Z E74 604 22 1255 384 2
24,Gary,Ackerman,637 Rockford Mountain Lane,Oshkosh,WI,54901,GaryCAckerman@gustr.com,920-233-4074,1Z 957 5E9 11 9746 927 2
25,Martin,Poole,2921 Woodridge Lane,Mason,TN,38049,MartinMPoole@einrot.com,901-294-1592,1Z 074 A35 72 4049 172 6
26,Kelly,Fox,4257 Mesa Drive,Las Vegas,NV,89101,KellyCFox@fleckens.hu,702-377-0116,1Z 05V 943 89 6024 090 3
27,Delois,Silva,593 Diamond Street,Charlotte,NC,28202,DeloisNSilva@einrot.com,828-469-7498,1Z 001 276 07 8919 227 2
28,Percy,Kearse,4991 Millbrook Road,Schaumburg,IL,60173,PercyBKearse@fleckens.hu,630-751-4126,1Z 487 309 14 6068 935 4
29,Stephanie,White,2893 Steele Street,Lombard,IL,60148,StephanieJWhite@teleworm.us,630-705-8725,1Z 5F4 9Y0 28 3235 984 3
30,Angela,Keeling,1876 Dovetail Estates,Clinton,OK,73601,AngelaGKeeling@superrito.com,580-957-8210,1Z 8F9 924 23 0372 518 3
31,Leah,Garcia,848 Owagner Lane,Seattle,WA,98101,LeahWGarcia@rhyta.com,206-334-2102,1Z 301 13Y 92 0436 764 7
32,Gregory,Randall,642 Lodgeville Road,Minneapolis,MN,55415,GregoryARandall@fleckens.hu,612-291-5951,1Z 495 748 66 4987 823 4
33,James,Brann,3710 Tori Lane,Salt Lake City,UT,84104,JamesKBrann@einrot.com,801-617-7436,1Z 50A 942 07 0718 095 3
34,Darryl,Esparza,3057 Smith Street,Franklin,MA,2038,DarrylSEsparza@jourrapide.com,508-777-2954,1Z 76W F63 09 2869 570 4
35,Calvin,Fernandez,3288 Cherry Ridge Drive,Rochester,NY,14620,CalvinJFernandez@superrito.com,585-975-8276,1Z 604 A74 63 2656 171 8
36,Victor,Anderson,1035 Irving Place,Manchester,MO,63011,VictorRAnderson@teleworm.us,636-227-5455,1Z 521 419 73 3559 693 8
37,Edward,Nguyen,4661 Tecumsah Lane,Natchitoches,LA,71457,EdwardBNguyen@jourrapide.com,318-887-6545,1Z 9Y1 378 72 3271 991 0
38,Steve,Jones,3205 Haven Lane,Onondaga,MI,49264,SteveMJones@armyspy.com,517-628-6334,1Z E68 960 56 4080 521 2
39,Anna,Stone,1883 Romano Street,Framingham,MA,1701,AnnaMStone@superrito.com,781-423-5025,1Z 011 373 34 1291 468 9
40,Steven,Bowles,1272 Mutton Town Road,Tukwila,WA,98168,StevenSBowles@jourrapide.com,360-637-6422,1Z 864 737 80 2836 196 6
41,Paul,Heaton,1369 School House Road,Purvis,MS,39475,PaulDHeaton@gustr.com,601-744-0236,1Z 313 42E 14 5416 679 8
42,Anthony,Castonguay,1763 Meadowcrest Lane,Jeptha,KY,41445,AnthonyECastonguay@dayrep.com,606-522-2590,1Z 261 59A 89 2427 352 9
43,Ronald,Lopez,222 Henery Street,Indianapolis,IN,46204,RonaldMLopez@dayrep.com,317-221-0612,1Z 368 422 03 8330 427 4
44,Gary,Pride,2439 Johnstown Road,Wheeling,IL,60090,GaryCPride@fleckens.hu,847-478-9640,1Z 78V 427 28 9679 597 4
45,Jeanette,Thomas,1311 Hurry Street,Roanoke,VA,24012,JeanetteSThomas@dayrep.com,540-302-2829,1Z 642 W64 49 0906 195 9
46,Antwan,Davis,2974 Southern Avenue,Kanawha,IA,50447,AntwanJDavis@cuvox.de,641-321-5204,1Z 760 932 71 1502 112 5
47,Ngoc,Sotomayor,1651 Holden Street,San Diego,CA,92103,NgocSSotomayor@fleckens.hu,619-270-4628,1Z 797 171 19 5161 061 6
48,Jay,Edwards,2856 Dye Street,Chandler,AZ,85226,JayMEdwards@jourrapide.com,480-763-0616,1Z 92F 755 39 6811 218 3
49,Elza,Ratcliff,3681 Pennsylvania Avenue,Piscataway,NJ,8854,ElzaWRatcliff@gustr.com,732-298-8609,1Z 56Y 741 70 3065 658 4
50,Donald,Moore,1231 Poling Farm Road,Wynot,NE,68792,DonaldMMoore@armyspy.com,402-357-4609,1Z 797 06W 85 5272 870 0
51,Danika,Smith,4536 Water Street,Oakland,CA,94607,DanikaRSmith@dayrep.com,925-352-6286,1Z 370 944 26 3224 585 6
52,Theodore,Loudermilk,622 Wines Lane,Houston,TX,77099,TheodoreMLoudermilk@armyspy.com,832-433-6886,1Z 381 011 39 2475 678 7
53,George,Hudson,4161 Center Street,Stockton,CA,95202,GeorgeBHudson@fleckens.hu,559-201-9796,1Z 941 760 38 0738 967 1
54,Betty,Bryant,2410 Mayo Street,Lexington,KY,40509,BettyRBryant@teleworm.us,859-699-5872,1Z 047 153 95 8682 895 6
55,Max,Lamontagne,1942 Florence Street,Longview,TX,75601,MaxCLamontagne@armyspy.com,903-466-5050,1Z W70 E97 30 4636 118 0
56,Isabel,Wallis,2007 Lawman Avenue,Reston,VA,22070,IsabelCWallis@gustr.com,703-295-8466,1Z W30 538 45 7852 387 9
57,Bradley,Johnson,3356 Saints Alley,Tampa,FL,33614,BradleyLJohnson@einrot.com,813-728-3448,1Z 067 A02 04 5242 737 2
58,Patsy,Adams,4130 Oliverio Drive,Moundridge,KS,67107,PatsyRAdams@dayrep.com,620-617-0450,1Z 564 3V9 64 9127 637 5
59,Katy,Hay,1181 Horseshoe Lane,Northampton,PA,18067,KatyBHay@einrot.com,484-414-5892,1Z 722 386 24 4412 035 2
60,Carol,Boyd,4721 Whispering Pines Circle,Carrollton,TX,75006,CarolRBoyd@armyspy.com,972-418-1968,1Z 749 W27 92 4800 715 0
61,Richard,Ugarte,4376 Saint James Drive,Harrisburg,PA,17111,RichardDUgarte@fleckens.hu,717-503-4298,1Z 9A9 313 85 4218 542 4
62,Carl,Ruben,1993 Gateway Road,Portland,OR,97204,CarlRRuben@cuvox.de,503-303-6326,1Z 377 9F2 49 3939 567 0
63,Regina,Alicea,164 Java Lane,Columbia,SC,29201,ReginaGAlicea@superrito.com,803-566-2638,1Z 5F4 58V 61 4532 769 0
64,Timothy,Salazar,1427 Heavner Avenue,Marietta,GA,30064,TimothyMSalazar@cuvox.de,770-794-7796,1Z 240 976 41 1260 328 2
65,John,Smithson,2953 Lynn Street,Dorchester,MA,2122,JohnASmithson@gustr.com,617-265-6943,1Z 036 081 15 3969 466 5
66,Deborah,McClanahan,2610 Derek Drive,Akron,OH,44304,DeborahJMcClanahan@fleckens.hu,330-321-1612,1Z 147 990 20 1408 300 7
67,Brent,Frey,4629 Heliport Loop,New Albany,IN,47150,BrentTFrey@rhyta.com,812-713-3617,1Z 21E V14 13 9897 646 1
68,Noe,Rosa,3530 Crestview Terrace,Marble Falls,TX,78654,NoeSRosa@fleckens.hu,830-693-7811,1Z Y54 113 63 2583 171 5
69,Joe,Yuen,4919 Stewart Street,Indianapolis,IN,46204,JoeTYuen@teleworm.us,317-681-3204,1Z 806 478 27 1531 256 2
70,Timothy,Ware,1014 Huntz Lane,Cambridge,MA,2141,TimothyDWare@teleworm.us,978-564-5546,1Z 008 763 52 6119 585 6
71,William,Harper,1145 Murry Street,Chesapeake,VA,23323,WilliamCHarper@dayrep.com,757-485-8521,1Z 2F0 39Y 35 7900 660 3
72,Lisa,Boes,603 Andy Street,Rapid City,SD,57701,LisaMBoes@fleckens.hu,605-415-3781,1Z 825 833 80 7471 793 4
73,Leanne,Pak,1114 Isaacs Creek Road,Jacksonville,IL,62650,LeanneAPak@jourrapide.com,217-407-3395,1Z 72E 9E9 00 2976 925 5
74,Joshua,Palmer,1075 Berkshire Circle,Knoxville,TN,37919,JoshuaAPalmer@dayrep.com,865-539-6022,1Z A00 953 61 4745 877 9
75,Sandra,Mowrey,4214 Stanley Avenue,Roslyn,NY,11576,SandraFMowrey@fleckens.hu,516-484-0330,1Z 673 243 87 9720 807 7
76,Natalie,Brown,2376 Terra Cotta Street,Federal Dam,MN,56641,NatalieDBrown@jourrapide.com,218-654-5557,1Z 59A 242 09 5907 686 4
77,James,Grimes,265 Bridge Street,Tulsa,OK,74116,JamesHGrimes@superrito.com,918-913-7486,1Z 516 975 94 9196 716 1
78,Jessica,Rodriguez,4341 Bicetown Road,New York,NY,10013,JessicaRRodriguez@superrito.com,917-378-8935,1Z 71F 148 77 2006 486 3
79,William,Robinson,2507 Goff Avenue,Lawton,MI,49065,WilliamNRobinson@rhyta.com,269-624-7149,1Z 862 174 58 0584 616 9
80,Karen,Conway,2425 Retreat Avenue,Birmingham,AL,35209,KarenJConway@teleworm.us,205-277-5502,1Z 235 544 14 6798 786 7
81,Patricia,Sinclair,835 Rockford Road,Mansfield,MA,2048,PatriciaJSinclair@einrot.com,774-836-4834,1Z 00V 140 73 9957 558 6
82,Dean,Trombetta,108 Rocket Drive,Minneapolis,MN,55406,DeanSTrombetta@armyspy.com,612-940-0899,1Z 33A 304 35 2242 299 3
83,Michael,Middleton,4526 Ash Street,Irving,TX,75039,MichaelBMiddleton@cuvox.de,972-870-1151,1Z 7Y8 321 94 3696 714 2
84,Linsey,Eager,1871 Oakmound Drive,Chicago,IL,60607,LinseyREager@cuvox.de,773-336-6191,1Z 777 24W 42 8543 432 5
85,Nina,Barbee,3974 Rhode Island Avenue,Washington,DC,20016,NinaJBarbee@jourrapide.com,202-363-3852,1Z 4V3 991 09 9044 595 6
86,Frank,Chagnon,1384 Fittro Street,Crossett,AR,71635,FrankEChagnon@cuvox.de,870-305-6255,1Z 14V 258 62 2656 702 0
87,Tillie,Ross,2529 Martha Street,Kayenta,AZ,86033,TillieKRoss@gustr.com,928-697-3631,1Z 855 207 34 2162 405 7
88,Jose,Smith,362 Arron Smith Drive,Mililani,HI,96789,JoseJSmith@superrito.com,808-443-2412,1Z 284 V07 57 4020 635 4
89,Albert,Scott,1921 Sycamore Street,San Jose,CA,95113,AlbertLScott@teleworm.us,408-925-8204,1Z 201 1F6 07 5227 457 7
90,Bobby,Gatlin,1137 Murphy Court,Minneapolis,MN,55401,BobbyPGatlin@rhyta.com,952-241-4111,1Z 5V7 4E3 86 9547 307 1
91,Christine,Allred,1302 Chicago Avenue,Fresno,CA,93721,ChristineKAllred@rhyta.com,559-531-5286,1Z Y45 59V 00 2042 654 1
92,Patricia,Jones,4381 Boone Street,Corpus Christi,TX,78409,PatriciaGJones@jourrapide.com,361-289-6393,1Z 975 275 57 6593 253 4
93,Ashley,Pierre,959 Hill Croft Farm Road,Sacramento,CA,95814,AshleyCPierre@cuvox.de,530-507-9963,1Z 667 9Y5 80 9032 618 5
94,Steven,Dejong,2845 Corpening Drive,Southfield,MI,48235,StevenDDejong@superrito.com,248-413-4216,1Z E03 390 23 4772 023 1
95,Amber,Diaz,2829 Kelley Road,Gulfport,MS,39507,AmberTDiaz@gustr.com,228-382-6396,1Z 224 50Y 92 7597 318 2
96,Glinda,Murray,3616 Sand Fork Road,Deer Creek,IN,46917,GlindaAMurray@gustr.com,574-859-4685,1Z 410 297 89 2773 756 2
97,Margaret,Hagan,1642 Gateway Road,Portland,OR,97212,MargaretJHagan@teleworm.us,503-282-1054,1Z 142 361 89 5296 209 6
98,Patrick,Norman,713 Mercer Street,Green Bay,WI,54303,PatrickTNorman@einrot.com,715-622-3640,1Z 800 319 79 9441 960 4
99,Vernon,Epps,4041 Turkey Pen Road,Garden City,NY,11530,VernonSEpps@gustr.com,917-217-1417,1Z 690 F88 68 0946 607 4
100,Elouise,Parrish,322 Whitetail Lane,Royse City,TX,75189,ElouiseDParrish@superrito.com,469-273-8668,1Z A78 F34 82 0021 825 5
101,Larry,Seals,4985 Polk Street,Tucson,AZ,85701,LarryJSeals@teleworm.us,520-903-9517,1Z E41 4V4 17 1135 880 0
102,Melba,Moore,1808 Lake Road,Prospect Plains,NJ,8512,MelbaMMoore@rhyta.com,609-409-8244,1Z 212 60A 23 1956 589 0
103,Billy,Brewer,3049 Oak Avenue,Wheeling,IL,60090,BillyFBrewer@gustr.com,847-955-4783,1Z 014 V11 07 6379 691 9
104,Lee,Elder,1917 Norman Street,Gardena,CA,90247,LeeSElder@fleckens.hu,323-321-7985,1Z 939 656 70 0287 975 1
105,Marvin,Rodriguez,3076 Columbia Mine Road,Martinsburg,WV,25401,MarvinDRodriguez@rhyta.com,304-596-3327,1Z 8V0 589 73 6141 311 4
106,Michael,Crook,4747 Lynn Avenue,Eau Claire,WI,54701,MichaelWCrook@fleckens.hu,715-497-2662,1Z 347 631 63 4142 996 0
107,Willie,Cohan,2714 Victoria Court,Bath,ME,4530,WillieACohan@jourrapide.com,207-442-3634,1Z 933 569 90 3390 535 1
108,Mamie,Hesson,3810 Rainbow Road,Santa Fe Springs,CA,90670,MamieCHesson@jourrapide.com,626-234-5235,1Z 425 318 42 4477 740 6
109,Tina,Davis,2446 Norman Street,Los Angeles,CA,90014,TinaBDavis@cuvox.de,323-325-9108,1Z 347 860 88 0362 425 2
110,Rochelle,Thomas,1840 Morningview Lane,New York,NY,10013,RochelleTThomas@rhyta.com,646-201-3428,1Z Y89 251 97 5341 366 5
111,Katherine,Mucha,4540 Ashmor Drive,Wadena,MN,56482,KatherineMMucha@armyspy.com,218-317-2709,1Z 378 076 26 7695 224 5
112,Mary,Townsend,1875 Prospect Street,Camden,NJ,8102,MaryCTownsend@superrito.com,856-626-4281,1Z 19F Y60 36 0387 373 2
113,Gary,Stinchcomb,3729 Edwards Street,Greenville,NC,27834,GaryMStinchcomb@cuvox.de,252-754-6205,1Z 4E0 Y90 18 4026 265 2
114,Patricia,Weston,1219 Cemetery Street,Salinas,CA,93901,PatriciaGWeston@einrot.com,831-772-6159,1Z 11Y 91A 58 8452 486 9
115,Eileen,Webb,3048 Seltice Way,Coeur D Alene,ID,83814,EileenCWebb@rhyta.com,208-667-1078,1Z 549 064 62 8724 609 1
116,Jennifer,Mata,3205 Cost Avenue,Kitzmiller,MD,21538,JenniferPMata@gustr.com,301-453-2623,1Z 091 318 68 5307 029 3
117,Melvin,Welch,2430 D Street,Southfield,MI,48235,MelvinMWelch@jourrapide.com,586-540-6616,1Z 975 682 94 3201 768 7
118,Paul,Hibbitts,271 Lynn Avenue,Appleton,WI,54913,PaulHHibbitts@cuvox.de,715-482-5866,1Z 58Y 415 86 4536 553 8
119,Mirian,Cervantes,2193 Grand Avenue,Winter Garden,FL,32787,MirianNCervantes@cuvox.de,407-656-9731,1Z 333 388 92 6127 503 7
120,Beverly,Wilde,3762 Wyatt Street,Fort Lauderdale,FL,33301,BeverlyRWilde@rhyta.com,561-520-0188,1Z 6V0 078 78 2811 811 5
121,Emmett,Terry,660 Gateway Road,Portland,OR,97214,EmmettBTerry@cuvox.de,503-238-7465,1Z 98V 609 49 7284 954 0
122,James,Cano,3138 Late Avenue,Fort Supply,OK,73841,JamesBCano@gustr.com,580-766-2434,1Z 46F 310 31 8231 853 1
123,Virginia,Moran,3242 Marion Drive,Tampa,FL,33619,VirginiaWMoran@gustr.com,813-362-0133,1Z A83 A06 66 1655 515 9
124,Barbara,Sinha,4978 Blair Court,Carrollton,MO,64633,BarbaraTSinha@dayrep.com,660-542-5062,1Z 711 092 10 2312 670 3
125,Anita,Moreland,1905 Rainbow Road,Los Angeles,CA,90014,AnitaJMoreland@rhyta.com,626-242-0011,1Z 186 064 84 2963 401 2
126,Michelle,Ayala,2739 Conference Center Way,Scranton,PA,18503,MichelleSAyala@jourrapide.com,570-961-2826,1Z 254 8E7 84 0431 141 1
127,Eric,Eaton,315 Karen Lane,Lebanon Junction,KY,40150,EricCEaton@gustr.com,502-833-1371,1Z 481 413 65 9790 380 0
128,Melissa,Wasson,1497 Lost Creek Road,Golden Valley,MN,55427,MelissaCWasson@fleckens.hu,612-209-0986,1Z 8E6 031 09 7450 890 7
129,John,Pappalardo,322 Conference Center Way,Bloomsburg,PA,17815,JohnJPappalardo@armyspy.com,570-933-4436,1Z 666 750 37 4486 083 9
130,Sherie,Niemi,4045 Kessla Way,Wampee,SC,29568,SherieBNiemi@armyspy.com,843-390-4248,1Z 626 31E 17 9896 353 5
131,Crystal,Smith,2287 Roosevelt Road,Wichita,KS,67202,CrystalBSmith@jourrapide.com,620-258-3199,1Z 981 354 27 9906 704 7
132,Kim,Hawthorne,107 Deans Lane,West Nyack,NY,10994,KimWHawthorne@armyspy.com,914-924-4087,1Z 1A9 638 26 7089 173 1
133,Michael,Edwards,2539 Stark Hollow Road,Centennial,CO,80112,MichaelTEdwards@superrito.com,970-930-1813,1Z 572 963 72 5098 740 7
134,Patrick,Gentile,4502 New Street,Hood River,OR,97031,PatrickBGentile@fleckens.hu,541-308-6651,1Z Y26 330 13 2667 129 6
135,Sherice,Nelson,1923 Haymond Rocks Road,Eugene,OR,97402,ShericeFNelson@dayrep.com,541-556-9369,1Z 5Y3 F30 32 1681 927 3
136,Richard,Foster,2986 Francis Mine,Sacramento,CA,94260,RichardJFoster@rhyta.com,530-263-5827,1Z 2E4 374 25 9625 654 7
137,Carol,Pearson,807 Argonne Street,Newark,DE,19714,CarolRPearson@teleworm.us,302-329-2483,1Z F91 F84 37 1787 244 5
138,Frank,Bratcher,1001 Cityview Drive,West Chester,PA,19382,FrankLBratcher@rhyta.com,610-436-9518,1Z 546 304 43 8911 491 6
139,Teresa,Fogarty,1997 Goldcliff Circle,Washington,DC,20024,TeresaRFogarty@superrito.com,202-622-2173,1Z 8Y0 458 27 3833 487 5
140,Maurice,Elliott,1467 Modoc Alley,American Falls,ID,83211,MauriceBElliott@einrot.com,208-220-2560,1Z 702 522 52 3244 327 4
141,Robert,Wong,3181 Woodland Drive,Sioux City,IA,51101,RobertSWong@einrot.com,712-253-7404,1Z 428 094 94 0090 845 8
142,Amanda,Sapp,1084 Seneca Drive,Beaver Creek,OR,97004,AmandaGSapp@einrot.com,503-898-6669,1Z V44 549 78 7797 511 9
143,Jason,Fleming,1398 Brannon Avenue,Jacksonville,FL,32211,JasonEFleming@dayrep.com,904-726-5942,1Z E79 044 15 1730 891 2
144,Dorothy,Wallace,2785 Scenic Way,Stewardson,IL,62463,DorothyMWallace@einrot.com,217-682-6876,1Z 5Y4 327 83 4870 732 9
145,Melissa,Morrison,4181 Eden Drive,Glen Allen,VA,23060,MelissaJMorrison@rhyta.com,804-925-1490,1Z V24 A38 23 5588 056 8
146,Jenny,Perez,2391 Hornor Avenue,Bartlesville,OK,74003,JennyGPerez@fleckens.hu,918-337-9826,1Z 71E 321 12 5918 077 5
147,Jason,Litchfield,1303 Black Stallion Road,Lakeside Park,KY,41017,JasonVLitchfield@superrito.com,859-578-2972,1Z 092 Y93 63 0985 550 7
148,Kelly,Rice,3601 Ash Street,Dallas,TX,75201,KellyNRice@cuvox.de,972-821-9523,1Z 486 769 15 5047 990 4
149,Beatrice,Caine,4133 Paul Wayne Haggerty Road,Kenner,LA,70065,BeatriceGCaine@dayrep.com,504-443-0565,1Z 32A 1E6 75 1461 505 2
150,John,Carver,1229 Mulberry Lane,West Palm Beach,FL,33401,JohnNCarver@dayrep.com,561-801-8915,1Z 051 946 63 5162 706 9
151,Robert,Ludlum,4726 Fairfield Road,New Berlin,WI,53151,RobertELudlum@teleworm.us,262-617-0315,1Z Y23 016 41 5874 667 7
152,Ashley,Mejia,852 Tavern Place,Beckley,WV,25801,AshleySMejia@rhyta.com,304-254-6838,1Z 860 023 45 3891 219 6
153,Frances,Herrera,1684 Red Maple Drive,Los Angeles,CA,90042,FrancesPHerrera@gustr.com,323-478-7648,1Z 93A 15W 04 3894 688 4
154,Lauralee,Reaves,956 Barrington Court,Harrisburg,AR,72432,LauraleeTReaves@fleckens.hu,870-578-7405,1Z 826 A09 99 8993 202 0
155,Carolyn,Minter,2836 Chicago Avenue,Visalia,CA,93291,CarolynJMinter@teleworm.us,559-635-2679,1Z 595 658 33 0797 360 1
156,Naomi,Willis,162 Romano Street,Canton,MA,2021,NaomiWWillis@superrito.com,781-401-4549,1Z V42 257 68 1592 001 0
157,Janet,Olivares,3401 Cecil Street,Chicago,IL,60603,JanetROlivares@rhyta.com,312-275-6050,1Z 171 886 59 5120 797 2
158,Amy,Wilker,951 Deer Haven Drive,Greenville,SC,29601,AmyMWilker@jourrapide.com,864-384-2291,1Z 271 088 00 1859 743 7
159,Matthew,Culp,3938 Reppert Coal Road,Livonia,MI,48150,MatthewACulp@rhyta.com,586-873-4491,1Z 206 219 95 5619 768 1
160,Nellie,Paterson,1737 Pin Oak Drive,Davenport,IA,52803,NellieBPaterson@einrot.com,563-326-3534,1Z 777 8W5 56 8153 914 5
161,Melissa,Maupin,2450 State Street,Saint Louis,MO,63132,MelissaCMaupin@superrito.com,314-236-9932,1Z 582 507 30 7971 931 5
162,Robert,Ellis,2412 Roane Avenue,Silver Spring,MD,20904,RobertAEllis@fleckens.hu,301-282-0049,1Z 74W 475 84 6801 023 1
163,Ruthe,Foxwell,4099 Sherwood Circle,High Point,NC,27260,RutheBFoxwell@gustr.com,336-989-8496,1Z 1E7 525 77 9410 886 2
164,Patrick,Jackson,196 Ridenour Street,Boca Raton,FL,33487,PatrickDJackson@jourrapide.com,786-297-8515,1Z 783 398 31 8671 185 7
165,Nicole,Luna,3825 Ashmor Drive,Grand Rapids,MN,55744,NicoleRLuna@dayrep.com,218-322-6730,1Z 259 32A 11 8491 970 2
166,Derick,Roof,3795 Briarhill Lane,Akron,OH,44308,DerickKRoof@einrot.com,330-302-4090,1Z 11V 242 49 5131 610 5
167,Donna,Thomas,4993 Dawson Drive,Little Rock,AR,72208,DonnaWThomas@armyspy.com,501-821-1380,1Z 351 819 48 8267 562 2
168,Antonio,Davenport,4980 Bird Street,Silver City,NM,88061,AntonioGDavenport@teleworm.us,505-574-1813,1Z 5F5 780 44 4575 904 7
169,Boyd,Velez,4660 Jessie Street,Worthington,OH,43085,BoydKVelez@armyspy.com,740-660-1411,1Z 371 08A 22 5960 393 7
170,Anthony,Sexton,4876 Peaceful Lane,Warrensville Heights,OH,44128,AnthonyJSexton@cuvox.de,216-517-3630,1Z F18 738 21 9354 533 7
171,Aracely,Gonzales,1439 Conaway Street,Columbus,IN,47201,AracelyRGonzales@jourrapide.com,812-374-6464,1Z A20 7A6 19 5966 571 0
172,Frances,Taylor,3227 Courtright Street,Northwood,ND,58267,FrancesBTaylor@cuvox.de,701-587-0869,1Z 349 547 85 4595 025 4
173,Randy,Miles,4766 Asylum Avenue,Stamford,CT,6902,RandySMiles@rhyta.com,203-692-5972,1Z 0F8 4V6 32 7346 973 4
174,Nannie,Otten,918 Tetrick Road,Plant City,FL,33566,NannieLOtten@cuvox.de,863-370-2802,1Z 44V 929 95 9556 800 4
175,Kelly,Irving,2655 Harron Drive,Baltimore,MD,21201,KellyPIrving@fleckens.hu,443-458-4655,1Z 042 425 56 4587 462 5
176,Patrick,Simmons,1803 Fleming Way,Richmond,VA,23219,PatrickASimmons@armyspy.com,804-772-8161,1Z 992 194 33 3294 821 6
177,Lavern,Hund,4573 Dawson Drive,Little Rock,AR,72212,LavernRHund@dayrep.com,501-951-3032,1Z F70 481 94 6832 706 9
178,John,Brewer,731 Roy Alley,Greenwood Village,CO,80111,JohnWBrewer@cuvox.de,303-897-3950,1Z 3E1 69F 96 3781 536 7
179,Scott,Allison,613 Old House Drive,London,OH,43140,ScottMAllison@gustr.com,740-845-2652,1Z 862 782 74 8717 398 1
180,Tiffany,Harris,4114 Garfield Road,Colfax,IL,61728,TiffanyRHarris@einrot.com,309-723-6441,1Z 522 751 14 2048 457 0
181,Andrea,Lamar,2410 Preston Street,Phoenix,AZ,85034,AndreaMLamar@jourrapide.com,623-297-4018,1Z 642 827 14 2838 903 3
182,Russell,Preble,4970 Reel Avenue,Albuquerque,NM,87108,RussellKPreble@dayrep.com,505-366-3456,1Z 1F3 253 98 2907 086 2
183,Irvin,Schneider,2629 Jarvisville Road,Manhattan,NY,10016,IrvinPSchneider@einrot.com,516-975-6253,1Z 465 W95 16 1312 509 1
184,Margaret,Holmes,672 Nutter Street,Kansas City,MO,64110,MargaretOHolmes@fleckens.hu,816-262-1218,1Z Y13 483 50 6783 224 9
185,Christina,Vargas,3427 Davisson Street,Fowler,IN,47944,ChristinaLVargas@superrito.com,765-884-1102,1Z 89W 163 20 6711 135 6
186,Deborah,Vogler,60 Colonial Drive,Bryan,TX,77803,DeborahFVogler@teleworm.us,979-571-5719,1Z 989 497 62 9152 144 1
187,Harold,Patton,4056 John Daniel Drive,Senath,MO,63876,HaroldVPatton@jourrapide.com,573-738-0881,1Z 45A 84Y 47 4169 968 4
188,Greg,McClain,4334 Stoney Lane,Irving,TX,75060,GregMMcClain@fleckens.hu,972-986-3284,1Z 553 804 81 0276 033 3
189,Jordan,Simon,1166 Barnes Avenue,Cincinnati,OH,45249,JordanFSimon@jourrapide.com,513-626-7647,1Z 155 335 00 9420 608 1
190,Cynthia,Darby,1732 Blackwell Street,St Marys,AK,99658,CynthiaGDarby@rhyta.com,907-438-5642,1Z W70 413 37 4853 672 4
191,Margaret,Santos,127 Grim Avenue,La Mesa,CA,92041,MargaretSSantos@fleckens.hu,619-668-9316,1Z 8F3 F92 47 5765 113 3
192,Katheryn,Prater,2495 Isaacs Creek Road,Champaign,IL,61820,KatherynWPrater@superrito.com,217-493-2924,1Z 049 962 04 6361 021 6
193,Valerie,Ballard,1578 Boggess Street,Lewisburg,OH,45338,ValerieCBallard@jourrapide.com,937-962-9822,1Z 35E Y87 75 7882 444 4
194,Janet,Clark,309 Pritchard Court,Mankato,MN,56001,JanetWClark@gustr.com,507-381-9114,1Z 651 848 02 8658 919 4
195,Robert,Reardon,3393 Turkey Pen Lane,Wetumpka,AL,36092,RobertDReardon@einrot.com,334-514-3207,1Z 359 F81 62 3438 899 1
196,Scott,Esparza,3867 Spring Avenue,Philadelphia,PA,19108,ScottSEsparza@einrot.com,267-692-0612,1Z E94 4A2 18 1236 474 3
197,Vicky,Waites,2769 Whitman Court,Hartford,CT,6103,VickyRWaites@fleckens.hu,203-582-5354,1Z 427 147 71 3950 994 7
198,Jonathan,Rojo,547 Ferry Street,Huntsville,AL,35802,JonathanERojo@teleworm.us,256-756-4663,1Z 113 698 99 8866 587 7
199,Kathy,Jordan,977 Wolf Pen Road,San Mateo,CA,94403,KathyCJordan@superrito.com,650-349-7592,1Z 405 83F 35 9802 928 5
200,Kristen,Barnes,2648 Jerome Avenue,Dallas,TX,75252,KristenJBarnes@armyspy.com,956-202-0220,1Z W42 005 54 5514 575 4
201,Antonio,Johnson,4072 Rockford Road,Bedford,MA,1730,AntonioHJohnson@armyspy.com,774-757-2045,1Z 531 037 66 6511 872 1
202,Leslie,McKee,4788 Tenmile,Claremont,VA,23881,LeslieRMcKee@einrot.com,757-866-4726,1Z 155 0Y7 49 9868 530 5
203,Jessica,Lehner,109 Elm Drive,New York,NY,10013,JessicaPLehner@dayrep.com,646-461-9766,1Z 38E 482 44 4935 030 0
204,Mary,Millner,816 Hummingbird Way,Woburn,MA,1801,MaryJMillner@einrot.com,781-962-5000,1Z 111 044 89 7335 644 0
205,Marla,Conley,2873 Warner Street,N. Miami,FL,33137,MarlaSConley@dayrep.com,305-947-8642,1Z 254 397 24 7820 685 7
206,Hollie,Lipford,2914 Lightning Point Drive,Memphis,TN,38128,HolliePLipford@superrito.com,901-442-1871,1Z V72 598 06 7108 830 8
207,Michael,Christmas,1943 Whitman Court,Wallingford,CT,6492,MichaelMChristmas@fleckens.hu,203-589-8988,1Z 526 A82 42 7782 845 1
208,Betty,Campbell,2294 Upland Avenue,Defiance,OH,43512,BettyDCampbell@superrito.com,419-916-4169,1Z 73W 36V 86 3597 393 3
209,Shirley,Jackson,1112 Harter Street,Dayton,OH,45402,ShirleyBJackson@armyspy.com,937-572-5445,1Z E63 108 93 3791 825 9
210,Hannah,Cumming,3678 Oakway Lane,Los Angeles,CA,90017,HannahBCumming@jourrapide.com,818-253-2748,1Z 892 606 42 7898 956 1
211,Caterina,Meader,151 Vineyard Drive,Cleveland,OH,44114,CaterinaCMeader@teleworm.us,440-391-4903,1Z 368 2Y4 29 0885 449 3
212,Christine,Campbell,4436 Hemlock Lane,Brownsville,TX,78520,ChristineTCampbell@fleckens.hu,956-574-6096,1Z 977 672 99 3389 349 5
213,Deena,Edwards,1479 Lindale Avenue,Oakland,CA,94601,DeenaJEdwards@gustr.com,510-534-0173,1Z 50F 162 14 9703 830 2
214,Charles,Heinemann,3323 Medical Center Drive,Port Charlotte,FL,33952,CharlesOHeinemann@teleworm.us,941-625-9384,1Z 550 819 68 9559 873 3
215,John,Saxton,2399 Ross Street,Collinsville,IL,62234,JohnESaxton@cuvox.de,618-215-5744,1Z 71A 541 19 4953 992 1
216,Dean,South,3140 Scenicview Drive,Tukwila,WA,98188,DeanRSouth@jourrapide.com,425-984-3005,1Z 806 275 65 1065 011 3
217,Joe,Cohen,873 Winding Way,Tiverton,RI,2878,JoeHCohen@superrito.com,401-625-3772,1Z E79 533 43 9279 394 7
218,Kimberly,Westmoreland,4902 Simpson Street,Bloomington,IL,61701,KimberlyPWestmoreland@armyspy.com,309-834-7945,1Z 517 W02 53 5425 560 0
219,Callie,Scaggs,2127 Deer Haven Drive,Piedmont,SC,29673,CallieNScaggs@einrot.com,864-399-2613,1Z 763 437 68 7083 502 0
220,Michael,Mosley,3347 Parrish Avenue,Kerrville,TX,78028,MichaelSMosley@gustr.com,830-895-0429,1Z 388 5A1 30 8307 846 7
221,Thomas,Dickson,2683 Lynn Ogden Lane,Beaumont,TX,77701,ThomasKDickson@superrito.com,409-831-9238,1Z 65A 688 87 9881 401 5
222,Margery,Jessop,3264 Williams Lane,Wichita,KS,67202,MargeryKJessop@dayrep.com,316-453-1702,1Z 834 687 41 1718 625 5
223,Randall,Phillips,1291 Fort Street,Greenville,NC,27834,RandallLPhillips@dayrep.com,252-917-4980,1Z E16 Y58 14 7832 994 9
224,Raymond,Kellogg,299 Griffin Street,Phoenix,AZ,85008,RaymondJKellogg@fleckens.hu,602-267-0390,1Z 764 96A 53 9238 724 4
225,Rae,Romero,3265 Bond Street,Narragansett,RI,2882,RaeRRomero@dayrep.com,401-782-1314,1Z 730 453 16 2987 065 5
226,Deborah,Nowakowski,4619 Walnut Avenue,New Brunswick,NJ,8901,DeborahBNowakowski@jourrapide.com,201-499-9594,1Z 190 226 93 5326 444 2
227,Emilio,Gibson,2805 Lucky Duck Drive,Penn Hills,PA,15235,EmilioAGibson@teleworm.us,412-795-2758,1Z 005 488 17 0325 187 6
228,Herminia,Chavez,1057 Stone Lane,Northampton,PA,18067,HerminiaMChavez@rhyta.com,610-351-1679,1Z 261 838 60 3357 741 5
229,Katrina,Moore,4625 Ash Street,Duncanville,TX,75116,KatrinaJMoore@fleckens.hu,972-780-3703,1Z 382 A34 48 4331 403 9
230,Howard,Yeager,2007 Reppert Coal Road,Southfield,MI,48034,HowardPYeager@rhyta.com,586-894-1801,1Z 109 342 89 6171 268 9
231,Rachel,Halliday,4719 Kuhl Avenue,Duluth,GA,30097,RachelJHalliday@jourrapide.com,678-699-6893,1Z 972 871 22 1889 002 6
232,Lauren,Barnes,1724 Duke Lane,Newark,NJ,7102,LaurenJBarnes@jourrapide.com,732-694-1530,1Z V61 687 46 2324 989 9
233,Nicole,Green,4922 Ferrell Street,Waubun,MN,56589,NicoleJGreen@teleworm.us,218-473-4064,1Z 052 92E 18 6165 964 9
234,Amy,Jones,689 Ocala Street,Orlando,FL,32805,AmyLJones@cuvox.de,407-484-0756,1Z 49V 66V 00 0041 452 3
235,Mary,Nguyen,2761 Morningview Lane,Kensett,IA,50448,MarySNguyen@teleworm.us,641-845-8742,1Z 038 587 90 1064 389 7
236,Evelyn,Thomas,695 Stadium Drive,Cambridge,MA,2141,EvelynRThomas@rhyta.com,508-283-4345,1Z 299 384 67 1604 742 9
237,Reuben,Dudley,4146 Williams Avenue,Newhall,CA,91321,ReubenMDudley@fleckens.hu,661-284-5226,1Z 460 926 83 9947 754 4
238,Grace,Guan,568 Saint Clair Street,Senatobia,MS,38668,GraceHGuan@gustr.com,662-558-4444,1Z 042 072 60 4367 522 3
239,Helen,Harper,1223 Bridge Street,Tulsa,OK,74120,HelenBHarper@einrot.com,918-923-9888,1Z 267 Y97 72 7917 697 8
240,Stacy,Hayes,746 Daylene Drive,Southfield,MI,48034,StacyGHayes@rhyta.com,734-610-8993,1Z 257 A20 13 2911 883 8
241,Robert,Bostick,4843 Emeral Dreams Drive,Grand Ridge,IL,61325,RobertDBostick@dayrep.com,815-249-0474,1Z 653 939 67 2362 580 4
242,Ryan,McAvoy,487 Woodland Avenue,Gibson,LA,70356,RyanKMcAvoy@superrito.com,985-575-8934,1Z 711 652 88 2068 051 4
243,Melissa,Harrington,1030 Veltri Drive,Ketchikan,AK,99901,MelissaSHarrington@einrot.com,907-228-6065,1Z 435 Y70 23 5912 330 7
244,Gloria,Soltis,3395 Spirit Drive,Wellborn,FL,32094,GloriaPSoltis@gustr.com,386-590-3645,1Z 049 227 98 5893 355 5
245,Virginia,McLendon,857 Simons Hollow Road,Scranton,PA,18503,VirginiaAMcLendon@dayrep.com,570-766-9986,1Z 609 912 10 6633 320 8
246,Russell,Stallard,2951 Simpson Street,Fairview (Fulton),IL,61432,RussellEStallard@armyspy.com,309-778-4811,1Z V41 875 38 3013 954 3
247,Chrystal,James,4289 Lakeland Terrace,Detroit,MI,48226,ChrystalSJames@cuvox.de,734-288-2223,1Z F72 7V2 37 3778 663 0
248,Gladys,Wagner,6 Glenwood Avenue,Cleveland,OH,44102,GladysPWagner@teleworm.us,216-281-7528,1Z 376 E85 63 3204 944 5
249,Rosa,Reichert,3880 Morningview Lane,Newton,IA,50208,RosaRReichert@armyspy.com,641-831-8232,1Z W74 09Y 91 2162 310 8
250,Daryl,Harrington,1697 Newton Street,Olivia,MN,56277,DarylDHarrington@fleckens.hu,320-365-3184,1Z W18 441 56 1963 198 4
251,Scott,Fulk,2138 Gerald L. Bates Drive,North Billerica,MA,1862,ScottVFulk@fleckens.hu,617-872-1445,1Z 85Y 677 74 3433 630 2
252,Karen,Pearman,3221 Clousson Road,Houston,TX,77025,KarenGPearman@rhyta.com,713-218-6406,1Z 600 3W7 12 3269 681 5
253,Michael,Cartagena,1353 Layman Avenue,Fayetteville,NC,28307,MichaelBCartagena@superrito.com,910-960-6620,1Z 315 079 41 5745 941 4
254,Kacie,Carroll,2958 Camden Place,New York,NY,10017,KacieNCarroll@rhyta.com,845-215-4180,1Z 574 722 31 2878 308 3
255,Amberly,Gonzalez,593 Arlington Avenue,Knoxville,TN,37917,AmberlyTGonzalez@armyspy.com,865-978-1221,1Z 18Y 2A8 21 2640 621 4
256,Derrick,Jones,3069 Brown Avenue,Greenwood,SC,29646,DerrickMJones@gustr.com,864-943-5747,1Z 51E Y52 10 0878 960 6
257,Herminia,Sanchez,3868 Tecumsah Lane,Creston,LA,71020,HerminiaMSanchez@gustr.com,318-875-2736,1Z 8F9 F86 54 9648 423 1
258,Tennille,Wheeler,244 Comfort Court,Madison,WI,53703,TennilleBWheeler@superrito.com,608-268-1909,1Z 911 398 31 7720 894 3
259,Shannon,Ponce,1721 Walnut Drive,Mcclusky,ND,58463,ShannonJPonce@armyspy.com,701-363-5899,1Z 632 366 59 9621 709 6
260,Angela,Boyd,4316 Pick Street,Centennial,CO,80112,AngelaJBoyd@einrot.com,970-566-5586,1Z 997 500 71 9193 706 9
261,Luis,Batchelor,508 Still Pastures Drive,Charlotte,SC,28202,LuisBBatchelor@cuvox.de,803-389-5014,1Z 697 98Y 72 2766 733 6
262,Peter,Estrada,749 Hornor Avenue,Vinita,OK,74301,PeterLEstrada@armyspy.com,918-323-1112,1Z 216 349 08 6287 362 2
263,Jane,Gottlieb,4948 Hummingbird Way,Lacrosse,KS,67548,JaneJGottlieb@fleckens.hu,785-222-9661,1Z 302 13F 07 0510 191 4
264,Cassandra,Spalding,3891 Jefferson Street,Onancock,VA,23417,CassandraTSpalding@dayrep.com,757-787-9640,1Z 256 532 85 6424 305 2
265,Robert,McPherson,1046 Smith Road,Tucker,GA,30084,RobertJMcPherson@teleworm.us,770-934-0340,1Z 105 77F 40 7723 466 2
266,Yvonne,Heiner,979 Bungalow Road,Marquette,NE,68854,YvonneRHeiner@teleworm.us,402-854-8414,1Z 496 737 54 8835 197 0
267,George,Cave,4328 Hudson Street,Denville,NJ,7866,GeorgeMCave@dayrep.com,973-983-1434,1Z A16 754 65 6390 210 7
268,Marc,Geer,687 Horizon Circle,Tacoma,WA,98491,MarcAGeer@einrot.com,253-670-0241,1Z 372 256 25 1379 984 0
269,Janet,Johnson,1153 Berry Street,Colorado Springs,CO,80903,JanetRJohnson@gustr.com,719-776-8717,1Z 741 968 25 2728 747 7
270,Chris,Brown,3973 Hickory Lane,Washington,DC,20024,ChrisTBrown@rhyta.com,202-484-3614,1Z 518 A02 31 5068 335 8
271,Kristin,Costa,4539 Summit Street,Davenport,IA,52804,KristinGCosta@jourrapide.com,563-340-7080,1Z 848 E22 43 8607 028 0
272,Daniel,Valencia,137 Jim Rosa Lane,San Francisco,CA,94104,DanielDValencia@cuvox.de,415-763-8315,1Z 862 757 72 7984 742 9
273,Patricia,Cromwell,1873 Weekley Street,San Antonio,TX,78213,PatriciaLCromwell@superrito.com,210-345-5890,1Z 409 757 55 4170 411 1
274,William,Berryman,616 Wood Street,Saginaw,MI,48607,WilliamCBerryman@gustr.com,989-209-6398,1Z W77 451 82 7949 978 4
275,John,Stillwell,2494 Byrd Lane,Albuquerque,NM,87102,JohnTStillwell@einrot.com,505-224-1226,1Z Y55 7W2 13 1446 571 4
276,Tameka,Tannehill,311 Waldeck Street,Arlington,TX,76010,TamekaHTannehill@gustr.com,817-469-6866,1Z 97V 111 85 7988 232 1
277,Dennis,Raley,4790 Randall Drive,Honolulu,HI,96819,DennisLRaley@fleckens.hu,808-782-1315,1Z Y82 W07 21 5717 070 4
278,Adelaide,Fogle,984 Medical Center Drive,Tampa,FL,33614,AdelaideEFogle@superrito.com,941-587-9474,1Z 775 087 06 3797 960 6
279,Sybil,Dortch,685 Elkview Drive,Stuart,FL,34994,SybilBDortch@gustr.com,772-463-0192,1Z F16 445 68 3481 099 0
280,Doris,King,2261 Perine Street,Beltsville,VA,20705,DorisTKing@einrot.com,703-798-1210,1Z 149 707 71 6775 891 3
281,Joshua,Darnell,315 Joanne Lane,Cambridge,MA,2142,JoshuaFDarnell@rhyta.com,978-451-8087,1Z Y01 1A6 51 7380 849 2
282,Ralph,Curry,3374 Whispering Pines Circle,Mc Kinney,TX,75069,RalphGCurry@einrot.com,972-369-1532,1Z 2W2 35Y 02 3898 865 3
283,Charles,Clark,2863 Walton Street,Salt Lake City,UT,84111,CharlesCClark@einrot.com,801-382-6327,1Z A52 8W8 14 7459 354 3
284,Stephan,Batchelor,223 Dovetail Estates,Allen,OK,74825,StephanABatchelor@fleckens.hu,580-857-6045,1Z 724 097 69 7201 702 7
285,Paul,Trent,1201 County Line Road,St Petersburg,FL,33701,PaulJTrent@teleworm.us,727-821-3131,1Z 886 733 67 9525 217 3
286,Basil,Ochs,4076 Beeghley Street,Waco,TX,76701,BasilGOchs@gustr.com,254-762-0518,1Z 761 895 23 1067 486 1
287,Jose,Johnson,1555 Crim Lane,Five Points (Warren),OH,45066,JoseKJohnson@armyspy.com,937-748-0121,1Z 545 W99 13 5263 535 2
288,William,Hebert,684 Sugar Camp Road,Marshall,MN,56258,WilliamJHebert@teleworm.us,507-530-7137,1Z 974 253 28 8040 690 8
289,Maria,Taylor,2896 Rocky Road,Eddington,PA,19020,MariaTTaylor@armyspy.com,215-639-8139,1Z 433 531 86 2986 425 9
290,Greg,Simms,1770 Maple Street,Los Angeles,CA,90017,GregMSimms@jourrapide.com,714-370-6804,1Z 207 10Y 97 7068 999 3
291,Regina,Green,3424 Charter Street,Mission,KS,66202,ReginaFGreen@dayrep.com,913-725-7837,1Z 755 528 10 5548 982 0
292,Kurt,Colburn,3356 Union Street,Seattle,WA,98108,KurtKColburn@cuvox.de,206-767-2163,1Z 442 075 00 7067 582 8
293,Brian,McIntyre,2602 Masonic Hill Road,Malvern,AR,72104,BrianLMcIntyre@teleworm.us,501-467-9538,1Z 678 619 33 5338 885 8
294,Zack,Bueno,3405 Joseph Street,Twin Lakes,WI,53181,ZackCBueno@fleckens.hu,262-877-9633,1Z 016 352 05 4598 305 9
295,David,Bizzell,1117 Lynch Street,Pleasanton,CA,94588,DavidMBizzell@einrot.com,925-224-8689,1Z W04 F14 91 2767 466 2
296,Sheila,Joyner,1415 Lawman Avenue,Washington,VA,20004,SheilaPJoyner@gustr.com,703-251-3426,1Z 1Y4 03E 40 0459 076 7
297,Grace,Davis,754 Wolf Pen Road,San Jose,CA,95113,GraceMDavis@gustr.com,650-385-2187,1Z 8Y0 1A3 90 3842 910 1
298,Blanca,Smith,3746 Nancy Street,Garner,NC,27529,BlancaSSmith@teleworm.us,919-614-3204,1Z 54Y 986 74 2455 181 6
299,Virgina,McCord,1683 Cheshire Road,Bridgeport,CT,6604,VirginaRMcCord@cuvox.de,203-382-1972,1Z 3V2 857 53 3008 381 9
300,Gary,Steck,2638 Westfall Avenue,Santa Fe,NM,87501,GaryJSteck@cuvox.de,505-988-7610,1Z 668 477 16 7899 957 9
301,Maria,Smith,1825 Wood Duck Drive,Negaunee,MI,49866,MariaWSmith@cuvox.de,906-475-9462,1Z 274 469 99 0437 319 1
302,Gertrude,Barbagallo,3468 Mount Olive Road,Atlanta,GA,30305,GertrudeBBarbagallo@cuvox.de,678-954-2887,1Z 0Y0 155 73 0115 764 5
303,Jennifer,Cook,3736 Stewart Street,Indianapolis,IN,46204,JenniferMCook@teleworm.us,317-767-5164,1Z 369 4V6 88 5617 385 3
304,Celestine,Andrews,4977 Smith Street,Needham,MA,2192,CelestineRAndrews@cuvox.de,508-794-7433,1Z 624 454 52 9760 604 8
305,Hal,Stanfield,3562 Owagner Lane,Burien,WA,98168,HalJStanfield@einrot.com,206-241-0426,1Z 0F0 158 71 8112 545 8
306,Michael,Bryant,2954 Joes Road,Castleton,NY,12033,MichaelNBryant@armyspy.com,518-732-5953,1Z 2W1 90A 98 1483 936 7
307,Gladys,Curry,4667 Clement Street,Atlanta,GA,30303,GladysJCurry@cuvox.de,404-510-0736,1Z 094 874 22 6439 587 0
308,Edwin,Alston,3185 Lakeland Park Drive,Senoia,GA,30276,EdwinLAlston@jourrapide.com,770-599-4317,1Z 090 543 95 5745 016 8
309,Amy,Stump,1823 Maxwell Farm Road,Waynesboro,VA,22980,AmyCStump@superrito.com,540-241-2414,1Z 514 V80 07 3299 074 8
310,Joseph,Martinez,3631 Brown Street,Sedona,AZ,86336,JosephVMartinez@superrito.com,928-203-0053,1Z 830 128 43 5056 057 3
311,Gary,Matlock,4130 Meadowview Drive,Roanoke,VA,24011,GarySMatlock@gustr.com,540-857-2589,1Z 167 9W3 02 1221 256 9
312,Kevin,Barnes,4824 Cedar Street,Pine Bluff,AR,71602,KevinEBarnes@armyspy.com,870-791-6050,1Z 194 128 74 7965 427 8
313,Richard,West,4385 John Calvin Drive,Chicago,IL,60603,RichardBWest@rhyta.com,708-842-0894,1Z 269 V78 09 8121 014 9
314,Mary,Ferguson,871 Ripple Street,Bridgeport,MI,48722,MaryBFerguson@dayrep.com,989-777-6161,1Z 135 830 08 4872 602 4
315,Pablo,Ford,24 Wines Lane,Houston,TX,77098,PabloCFord@superrito.com,832-383-3956,1Z 426 11F 00 5290 276 5
316,Beulah,Langan,3941 White Lane,Macon,GA,31201,BeulahRLangan@fleckens.hu,478-750-3639,1Z 165 E92 42 7033 247 6
317,Christopher,Mendez,1478 Stratford Park,Fort Branch,IN,47648,ChristopherTMendez@cuvox.de,812-768-9793,1Z 87F 1W6 07 4592 120 2
318,Pearl,Cruz,4643 Joes Road,Voorheesville,NY,12186,PearlOCruz@cuvox.de,518-765-2850,1Z A12 26V 45 6430 968 8
319,Martin,Lanier,4344 Crestview Manor,Indianapolis,IN,46241,MartinKLanier@dayrep.com,317-241-0620,1Z 530 V72 38 7171 593 9
320,John,Anderson,944 Cessna Drive,Fort Wayne,IN,46804,JohnMAnderson@gustr.com,260-435-6715,1Z 505 930 37 7895 907 5
321,James,Yoder,1510 Dale Avenue,Tacoma,WA,98433,JamesCYoder@jourrapide.com,253-912-7548,1Z 987 810 99 2783 648 3
322,Christopher,Benjamin,2638 Coffman Alley,Bowling Green,KY,42101,ChristopherLBenjamin@gustr.com,270-796-7293,1Z 1F6 755 37 6215 660 9
323,Maria,Doll,3441 Trails End Road,Fort Lauderdale,FL,33304,MariaNDoll@einrot.com,954-351-5103,1Z 910 W80 38 8421 399 0
324,Anthony,Batts,229 Melm Street,West Warwick,RI,2893,AnthonyEBatts@dayrep.com,401-284-5702,1Z 166 W54 98 2616 184 4
325,Coy,Steward,475 Mill Street,Greenville,SC,29601,CoyESteward@jourrapide.com,864-280-5132,1Z 4F4 322 46 1159 250 3
326,Ollie,Tanner,845 Pine Street,Portland,PA,97205,OllieWTanner@gustr.com,724-271-3965,1Z 168 7E5 66 1576 546 5
327,Roger,Carnahan,4733 Bird Spring Lane,Houston,TX,77002,RogerECarnahan@superrito.com,281-504-2006,1Z E91 V80 97 5349 541 2
328,Daniel,Mullins,4625 Half and Half Drive,Selma,CA,93662,DanielYMullins@teleworm.us,559-891-7369,1Z 385 423 88 1976 780 6
329,Tiffany,Swinson,1867 North Bend River Road,Lewisburg (Mason ),KY,42256,TiffanyCSwinson@dayrep.com,606-742-9831,1Z 240 4A9 00 2133 672 0
330,Garret,Snyder,495 Henery Street,Wichita,KS,67226,GarretLSnyder@dayrep.com,316-836-7956,1Z 671 033 84 5820 546 0
331,Travis,Lucas,44 Woodstock Drive,El Monte,CA,91731,TravisLLucas@jourrapide.com,626-454-9119,1Z W39 791 24 1115 878 4
332,Eric,Murphy,2064 New York Avenue,Cleburne,TX,76031,EricDMurphy@gustr.com,817-947-9434,1Z 373 126 56 3485 808 0
333,Marie,Morales,3709 Johnstown Road,Schaumburg,IL,60173,MarieMMorales@rhyta.com,847-436-1004,1Z Y40 810 81 2518 726 0
334,Polly,Henderson,3699 Rubaiyat Road,Grand Rapids,MI,49503,PollySHenderson@dayrep.com,231-694-4611,1Z 52E 764 12 4542 621 2
335,Rena,Avila,2977 Stout Street,Carlisle,PA,17013,RenaJAvila@armyspy.com,717-385-4434,1Z 154 116 28 2681 087 8
336,Ronald,Murphy,4816 Ashton Lane,Austin,TX,78704,RonaldBMurphy@gustr.com,512-460-9750,1Z V92 720 19 3934 414 0
337,Veronica,Green,3252 Oxford Court,Belzoni,MS,39038,VeronicaLGreen@superrito.com,662-247-8210,1Z 024 6F1 77 8554 471 5
338,Daniel,Perez,1569 Rockford Mountain Lane,Oshkosh,WI,54901,DanielEPerez@armyspy.com,920-236-1423,1Z 842 933 76 2246 001 8
339,Robert,McKissick,4073 Simpson Square,Stillwater,OK,74074,RobertAMcKissick@superrito.com,580-672-2041,1Z 333 5A1 16 4189 990 6
340,Homer,Oswalt,1971 Hott Street,Oklahoma City,OK,73102,HomerTOswalt@rhyta.com,405-553-7110,1Z 389 411 10 0636 012 8
341,Doug,Hutson,1590 Karen Lane,Portland,OR,97218,DougYHutson@superrito.com,503-213-5461,1Z 969 802 58 1174 037 9
342,Richard,Chacon,4586 Fairfax Drive,Anaheim,CA,92805,RichardRChacon@dayrep.com,909-220-2011,1Z 407 520 84 7361 002 5
343,Kathleen,Reynolds,1515 Nelm Street,Annapolis Junction,VA,20701,KathleenDReynolds@superrito.com,571-334-4150,1Z Y71 9Y4 90 4007 240 6
344,Aida,Smith,964 Pyramid Valley Road,Cedar Rapids,IA,52486,AidaMSmith@superrito.com,319-531-9952,1Z 329 Y32 09 5127 465 3
345,Clay,Ribeiro,3839 University Hill Road,Meredosia,IL,62665,ClaySRibeiro@fleckens.hu,217-584-2098,1Z 813 0V9 20 5168 351 9
346,Christopher,Harpster,195 Melrose Street,Spokane Valley,WA,99206,ChristopherAHarpster@dayrep.com,509-921-6493,1Z 612 9W3 30 0798 684 1
347,Mittie,Homan,1175 Liberty Avenue,Anaheim,CA,92805,MittieBHoman@rhyta.com,714-436-9010,1Z 826 4Y6 72 7168 304 3
348,Roy,Constantino,3565 Rose Avenue,New Orleans,LA,70112,RoySConstantino@jourrapide.com,504-266-4914,1Z 505 557 66 7842 002 4
349,Nettie,Rainey,106 Daffodil Lane,Centerville,VA,22020,NettieLRainey@gustr.com,703-488-1413,1Z E89 6Y3 21 9143 567 2
350,Pat,Jackson,2839 Parrill Court,Elmhurst,IN,60126,PatJJackson@jourrapide.com,219-512-8829,1Z 38V 519 66 5731 369 6
351,James,Lee,2952 Woodlawn Drive,New Berlin,WI,53151,JamesSLee@teleworm.us,414-688-5165,1Z 413 681 97 1322 487 5
352,Eric,Hackney,392 Traders Alley,Kansas City,MO,64105,EricSHackney@fleckens.hu,816-366-5481,1Z 884 560 00 7824 144 0
353,Peggy,Isaac,1040 Maple Court,Rolla,MO,65401,PeggyBIsaac@dayrep.com,573-364-4626,1Z 59E 633 38 6623 189 0
354,Bernadette,Moller,1768 Orphan Road,Eau Claire,WI,54701,BernadetteKMoller@teleworm.us,715-894-9894,1Z 928 087 28 0505 254 6
355,Felicia,Hawk,2796 Carolina Avenue,Centennial,CO,80112,FeliciaEHawk@cuvox.de,970-202-9665,1Z 522 963 29 0882 028 9
356,Tom,Walsh,1903 Mount Olive Road,Roswell,GA,30076,TomEWalsh@einrot.com,678-895-7222,1Z 936 812 61 3559 379 5
357,Sara,Graham,3540 Parrish Avenue,Victoria,TX,77901,SaraJGraham@fleckens.hu,830-993-2759,1Z 179 5W2 35 0807 142 4
358,Patricia,Lynn,1969 Eagle Drive,Detroit,MI,48226,PatriciaLLynn@rhyta.com,734-837-1667,1Z 468 488 45 6129 564 3
359,Robert,Long,1879 Bird Spring Lane,Kemah,TX,77565,RobertALong@jourrapide.com,281-523-1370,1Z 995 438 56 9930 976 7
360,Matthew,Kim,2708 Lee Avenue,Camden,NJ,8102,MatthewCKim@teleworm.us,856-389-2469,1Z 120 481 74 3657 841 9
361,Calvin,Coleman,493 Scenic Way,Springfield,IL,62758,CalvinLColeman@dayrep.com,217-706-8848,1Z W91 3V1 46 8009 031 8
362,Patricia,Blevins,108 Midway Road,Fayetteville,AR,72701,PatriciaJBlevins@rhyta.com,479-689-2493,1Z 976 525 16 2512 314 1
363,Keith,Frasier,3317 Dogwood Lane,Tucson,AZ,85712,KeithDFrasier@dayrep.com,520-668-8765,1Z 240 467 82 3779 479 5
364,Roy,Cramer,1733 Grant View Drive,Milwaukee,WI,53218,RoyACramer@cuvox.de,414-535-8211,1Z 95A 578 76 5639 219 5
365,Jeff,Chandler,4037 Patterson Fork Road,Chicago,IL,60606,JeffAChandler@armyspy.com,312-558-5257,1Z 171 142 75 1263 634 3
366,Lillian,Little,1906 Bryan Street,Charlotte,NC,28202,LillianKLittle@armyspy.com,336-305-7382,1Z 003 819 83 2323 064 4
367,Karen,Brooks,307 Overlook Drive,Wingate,IN,47994,KarenJBrooks@gustr.com,765-275-8949,1Z 502 719 68 1791 860 3
368,Rose,Leblanc,860 Elk Creek Road,Marietta,GA,30064,RoseRLeblanc@gustr.com,770-499-9974,1Z 6W5 400 10 0306 431 2
369,Johnny,Brown,2221 Kembery Drive,Aurora,IL,60505,JohnnyJBrown@einrot.com,630-585-1216,1Z 792 7F3 50 2079 523 2
370,Hazel,Smith,1403 Frum Street,Nashville,TN,37027,HazelGSmith@cuvox.de,615-376-5307,1Z W49 145 88 6581 235 9
371,Margaret,Greer,3449 Tecumsah Lane,Cedar Rapids,IA,52404,MargaretTGreer@fleckens.hu,319-241-0425,1Z 698 076 75 9051 489 3
372,Lisa,Spangler,4318 Poplar Chase Lane,Emmett,ID,83617,LisaASpangler@einrot.com,208-369-1660,1Z 189 128 94 9413 779 3
373,Leonard,Jones,2269 Henery Street,Wichita,KS,67203,LeonardTJones@dayrep.com,316-943-3741,1Z 812 494 62 8351 929 0
374,Kristin,Curry,2013 Feathers Hooves Drive,New York,NY,10013,KristinJCurry@einrot.com,631-717-5240,1Z 13V 52W 46 3896 507 5
375,Rosemary,Fernandez,46 Arrowood Drive,Kingsley Lake,FL,32091,RosemaryJFernandez@teleworm.us,904-533-9083,1Z 152 83E 71 3868 072 5
376,Mary,Burchfield,3664 Graystone Lakes,Macon,GA,31210,MaryABurchfield@dayrep.com,478-396-4833,1Z 802 440 01 3974 830 1
377,Theresa,Slusher,4808 Gandy Street,Syracuse,NY,13202,TheresaTSlusher@dayrep.com,315-238-9427,1Z 076 742 62 5021 005 7
378,Glenn,Walker,4243 Oakmound Drive,Chicago,IL,60607,GlennSWalker@fleckens.hu,773-420-9852,1Z A56 220 44 6470 241 9
379,Patrica,Rosenthal,2957 Old Dear Lane,Unionville (Orange),NY,10988,PatricaMRosenthal@armyspy.com,845-726-3352,1Z 698 301 24 7487 094 7
380,Alice,Kelly,941 Young Road,Idaho Falls,ID,83402,AliceDKelly@fleckens.hu,208-529-9862,1Z A57 98W 69 8068 487 1
381,Frank,Paddock,1693 Eagle Street,Rice,IL,62274,FrankBPaddock@einrot.com,618-336-8183,1Z V69 4Y0 41 0105 267 8
382,Amanda,Gallegos,4315 Woodlawn Drive,New Berlin,WI,53151,AmandaCGallegos@gustr.com,414-550-3184,1Z 202 250 99 3734 835 8
383,Charles,Thornhill,2490 Hart Country Lane,Columbus,GA,31907,CharlesDThornhill@einrot.com,706-565-7385,1Z 353 5V1 19 9693 631 3
384,Carol,Winston,4480 Peck Street,Nashua,NH,3060,CarolJWinston@cuvox.de,603-966-0075,1Z 053 039 68 1437 625 3
385,Charles,Jemison,2907 Meadow View Drive,Hartford,CT,6103,CharlesBJemison@armyspy.com,860-530-9717,1Z 237 2E9 67 8895 974 9
386,Rodney,Carrizales,207 Shingleton Road,Cassopolis,MI,49031,RodneyTCarrizales@dayrep.com,269-445-1552,1Z V81 V53 00 0360 750 8
387,Timothy,Skelton,2854 Green Street,Franklin,TN,37064,TimothyASkelton@cuvox.de,615-591-1503,1Z 019 517 18 1743 041 0
388,David,Richardson,2973 Commerce Boulevard,Brainard,NE,68626,DavidJRichardson@superrito.com,402-545-5640,1Z 633 498 93 2481 438 7
389,Rene,Minix,3287 Broadway Avenue,Johnson City,TN,37601,ReneYMinix@armyspy.com,423-795-4052,1Z 111 018 68 4650 513 9
390,Marie,Baldwin,4274 Center Avenue,Fresno,CA,93721,MarieABaldwin@einrot.com,559-391-9950,1Z 7A2 282 38 3135 788 5
391,John,Harris,1249 Nuzum Court,Tonawanda,NY,14150,JohnKHarris@gustr.com,716-620-1945,1Z 8W6 730 60 4463 753 1
392,Willie,Shubert,1407 Franklin Avenue,Corpus Christi,TX,78401,WillieLShubert@cuvox.de,361-882-6271,1Z 362 025 99 6030 630 6
393,Margie,Combs,3969 Watson Lane,Charlotte,NC,28206,MargieCCombs@fleckens.hu,828-994-4424,1Z 904 3F1 14 4583 143 1
394,Bernard,Turney,4294 Maryland Avenue,Feather Sound,FL,34622,BernardDTurney@teleworm.us,727-556-7144,1Z 812 813 55 9336 861 5
395,Steven,McAfee,2631 Fairfax Drive,Weehawken,NJ,7087,StevenPMcAfee@cuvox.de,908-988-1277,1Z 028 642 21 6151 528 4
396,Merle,Trevino,4218 Smithfield Avenue,Lubbock,TX,79401,MerleMTrevino@einrot.com,806-740-2971,1Z 724 345 38 1827 482 7
397,Edmundo,Stanley,2818 Woodbridge Lane,Detroit,MI,48202,EdmundoTStanley@fleckens.hu,313-472-4490,1Z 157 832 77 8696 535 8
398,Dawn,Householder,2427 Gandy Street,Saint Louis,MO,63101,DawnDHouseholder@cuvox.de,314-982-8879,1Z 3F9 892 67 3700 700 9
399,John,Preston,4567 Formula Lane,Farmers Branch,TX,75244,JohnCPreston@gustr.com,469-628-7078,1Z 14W 48A 47 5096 762 5
400,Joseph,Puleo,332 Denver Avenue,Riverside,CA,92501,JosephCPuleo@teleworm.us,951-321-2212,1Z F69 476 18 4332 874 9
401,Audrey,Foreman,4725 Half and Half Drive,Hialeah,FL,33012,AudreyJForeman@dayrep.com,561-224-8216,1Z 933 49V 92 7166 317 3
402,Brent,Dorgan,1732 Earnhardt Drive,Louisville,KY,40202,BrentDDorgan@cuvox.de,502-745-9239,1Z 476 086 09 0707 934 6
403,Maxine,Marshall,2962 Pennsylvania Avenue,Woodbridge,NJ,7095,MaxineMMarshall@jourrapide.com,732-326-5275,1Z 232 931 88 2388 622 7
404,Michele,Upton,2108 Sherman Street,Fort Worth,KS,76102,MicheleJUpton@teleworm.us,785-884-7747,1Z 9A6 543 42 5741 534 8
405,William,Richert,1815 Bingamon Road,Garfield Heights,OH,44128,WilliamMRichert@gustr.com,440-534-5179,1Z 627 419 53 3022 511 5
406,Barbara,Williams,3747 Goodwin Avenue,Spokane,WA,99201,BarbaraJWilliams@gustr.com,509-368-6639,1Z 777 881 68 9710 701 0
407,Willard,Wacker,3421 Custer Street,Erie,PA,16505,WillardKWacker@armyspy.com,814-853-7078,1Z 052 421 62 4676 428 8
408,George,Broderick,2221 Birch Street,Indianapolis,IN,46202,GeorgeDBroderick@cuvox.de,317-833-6340,1Z 6Y5 977 52 3419 801 2
409,Ira,Crowell,4800 Bell Street,New York,NY,10038,IraSCrowell@superrito.com,212-208-1913,1Z 602 334 06 4673 766 8
410,Easter,Garrison,3853 Columbia Mine Road,Follansbee,WV,26037,EasterTGarrison@rhyta.com,304-527-2484,1Z 3Y7 555 34 9700 181 0
411,Jose,Record,4768 Red Hawk Road,Orlando,FL,32801,JoseJRecord@dayrep.com,321-212-5150,1Z 640 177 87 7251 093 5
412,Christopher,Patton,4432 Melm Street,Providence,RI,2908,ChristopherTPatton@cuvox.de,401-216-9846,1Z 710 W81 70 8470 986 3
413,Gail,Culpepper,1645 Andy Street,Martin,SD,57547,GailCCulpepper@einrot.com,605-441-9420,1Z W12 490 75 1792 108 7
414,Mary,Sumrall,1240 Raintree Boulevard,Minneapolis,MN,55418,MaryMSumrall@superrito.com,763-782-2622,1Z 040 844 08 6330 974 1
415,Marie,Ryan,2146 Frederick Street,El Paso,TX,79927,MarieFRyan@einrot.com,915-852-8719,1Z 841 613 90 4839 013 3
416,Steven,Miller,707 Old House Drive,Columbus,OH,43215,StevenIMiller@cuvox.de,740-903-1985,1Z A40 3A8 47 4800 860 8
417,Kathleen,Murphy,2362 Werninger Street,Houston,TX,77027,KathleenKMurphy@jourrapide.com,832-637-5670,1Z 675 307 47 3844 908 7
418,Kathryn,Quigley,4416 Lyndon Street,Allentown,PA,18103,KathrynFQuigley@gustr.com,610-709-2637,1Z 236 0E5 79 9879 831 5
419,John,Jolly,1037 Diane Street,City Of Commerce,CA,90040,JohnLJolly@dayrep.com,805-427-1708,1Z 976 870 47 2035 274 4
420,William,Jaynes,1962 Hog Camp Road,Summit,IL,60501,WilliamJJaynes@armyspy.com,708-467-6702,1Z 125 871 64 7137 427 8
421,Jamel,Shannon,4349 Mcwhorter Road,Tupelo,MS,38801,JamelAShannon@teleworm.us,662-491-8299,1Z 026 Y68 59 7846 448 1
422,Glen,Garcia,4246 Despard Street,East Point,GA,30344,GlenSGarcia@teleworm.us,404-762-0639,1Z 55V 212 26 4375 058 7
423,Ellen,Flynn,2884 Commerce Boulevard,Shelby,NE,68662,EllenBFlynn@fleckens.hu,402-527-6235,1Z 012 829 79 6780 761 5
424,Gregory,Robinson,3290 Jadewood Farms,Rochelle Park,NJ,7662,GregoryKRobinson@gustr.com,973-420-8919,1Z 575 301 66 5094 510 0
425,Janice,Hill,580 Skips Lane,Safford,AZ,85546,JaniceGHill@jourrapide.com,928-552-9843,1Z 505 W01 08 7137 518 4
426,Johnny,Moss,3746 Parkway Street,Los Angeles,CA,90017,JohnnyCMoss@gustr.com,760-284-6592,1Z 65E Y29 12 5895 477 9
427,Lori,Cassidy,3941 Nash Street,Dearborn,MI,48124,LoriRCassidy@teleworm.us,313-277-2134,1Z 780 588 70 2834 577 2
428,Walter,Cummings,3196 Myra Street,Providence,RI,2905,WalterLCummings@cuvox.de,401-482-0946,1Z F84 721 03 8000 719 6
429,Thelma,Dupont,2658 Taylor Street,Larchmont,NY,10538,ThelmaBDupont@jourrapide.com,914-627-8005,1Z 666 498 48 0101 856 1
430,Hanh,Sager,4225 Bernardo Street,Tampa,FL,33602,HanhWSager@gustr.com,813-296-2824,1Z 2A8 87F 49 1352 197 4
431,Willie,Brown,2700 Wines Lane,Houston,TX,77002,WillieCBrown@jourrapide.com,832-254-9096,1Z E95 228 39 3489 578 7
432,Lloyd,Winslow,4696 Fort Street,Tacoma,WA,98402,LloydSWinslow@gustr.com,253-224-8697,1Z 24A 42F 25 8691 339 7
433,Gerald,Salas,1753 Jehovah Drive,Troutville,VA,24175,GeraldNSalas@superrito.com,540-443-7117,1Z 6A2 61V 54 8559 966 8
434,Rory,Lawson,756 Ferry Street,Florence,AL,35630,RoryKLawson@teleworm.us,256-766-0741,1Z 4V9 V25 34 1921 057 0
435,Tiffany,Kelly,4270 Fleming Way,Bethia,VA,23113,TiffanyJKelly@jourrapide.com,804-763-8182,1Z 38V 485 05 4046 510 7
436,Daniel,Nissen,4570 Smithfield Avenue,Lubbock,TX,79401,DanielINissen@armyspy.com,806-743-7633,1Z 607 Y75 92 7545 424 5
437,Sandra,Marquez,4937 Rodney Street,Saint Louis,MO,63101,SandraMMarquez@dayrep.com,636-552-9005,1Z 083 848 02 3627 048 9
438,Karen,Diaz,3793 Fairfield Road,Milwaukee,WI,53202,KarenDDiaz@einrot.com,262-643-5648,1Z 578 437 10 7132 839 5
439,Ann,Gumbs,1614 Hillcrest Circle,Maple Plain,MN,55359,AnnRGumbs@teleworm.us,763-479-7159,1Z 18Y E37 26 3444 152 9
440,Edward,Buckner,1693 Brentwood Drive,Austin,TX,78749,EdwardDBuckner@fleckens.hu,512-771-9045,1Z 705 742 55 5583 658 7
441,Eva,Rupert,4080 Angus Road,New York,NY,10029,EvaBRupert@fleckens.hu,212-426-0783,1Z 374 746 67 0795 441 1
442,Rebecca,Garcia,526 Heritage Road,Terra Bella,CA,93270,RebeccaWGarcia@teleworm.us,559-793-4768,1Z 37Y Y63 30 4787 115 3
443,Guadalupe,Noll,3706 Wiseman Street,Knoxville,TN,37909,GuadalupeSNoll@einrot.com,865-382-4506,1Z W44 E43 48 7743 736 1
444,Kenneth,Wilson,1261 Nelm Street,Mclean,VA,22101,KennethDWilson@rhyta.com,571-594-5287,1Z 624 F70 68 0179 586 3
445,Kathryn,Fenn,1620 Hamill Avenue,Del Mar,CA,92014,KathrynWFenn@dayrep.com,858-350-5809,1Z 15Y 349 45 5157 222 6
446,Ernest,Mendoza,4677 Lamberts Branch Road,Miami,FL,33169,ErnestPMendoza@dayrep.com,786-525-5252,1Z 059 F04 14 3523 360 7
447,Mildred,Gentry,4316 Cabell Avenue,Arlington,VA,22206,MildredLGentry@dayrep.com,703-575-3053,1Z 777 0V2 89 6511 507 0
448,Linda,Larsen,2247 Edington Drive,Fayetteville,GA,30214,LindaJLarsen@superrito.com,678-817-4558,1Z 46Y V34 39 4067 183 3
449,Ronald,Downing,601 Thrash Trail,Tyler,TX,75702,RonaldGDowning@einrot.com,903-593-6146,1Z 67A 21E 08 5264 100 1
450,David,Swasey,3103 Broaddus Avenue,Benton Harbor,MI,49022,DavidKSwasey@gustr.com,269-985-8910,1Z 423 517 75 8652 827 5
451,Tamika,Banach,2359 Charack Road,Terre Haute,IN,47807,TamikaJBanach@fleckens.hu,812-237-1482,1Z 000 899 70 9804 047 2
452,Jennifer,Radford,186 Saints Alley,Zephyrhills,FL,33541,JenniferJRadford@einrot.com,813-783-7289,1Z 6W9 563 04 3994 333 9
453,Matthew,Madigan,4357 Boone Crockett Lane,Longview,WA,98632,MatthewDMadigan@superrito.com,360-442-3849,1Z 336 572 96 2273 885 9
454,Richard,Brown,2455 Sherman Street,Wellsville,KS,66092,RichardSBrown@fleckens.hu,785-883-2912,1Z Y89 8F5 44 2293 150 1
455,Pedro,Sanchez,2353 Bungalow Road,Omaha,NE,68102,PedroMSanchez@jourrapide.com,402-888-2394,1Z V58 465 14 6957 658 8
456,Jeanette,Martinez,1490 Petunia Way,Birmingham,AL,35222,JeanetteTMartinez@dayrep.com,205-727-8137,1Z 101 27Y 25 2227 764 6
457,David,Fullerton,2008 Angie Drive,Huntington Beach,CA,92646,DavidMFullerton@fleckens.hu,714-963-1718,1Z 896 290 19 3095 828 9
458,Linda,Fawcett,294 Shinn Avenue,Crafton,PA,15205,LindaRFawcett@armyspy.com,724-544-9095,1Z 900 342 74 3582 041 6
459,Debra,Winters,4139 Edgewood Road,Memphis,TN,38116,DebraRWinters@cuvox.de,901-210-3774,1Z 47A 104 01 5797 891 3
460,Jenine,Ryder,3200 Leisure Lane,Ventura,CA,93001,JenineMRyder@dayrep.com,805-585-7449,1Z 422 709 31 2668 839 6
461,Janet,Hudson,1393 Pearlman Avenue,Bolton,MA,1740,JanetJHudson@rhyta.com,978-239-3586,1Z 444 342 34 5002 672 8
462,Candelaria,Beckley,4528 Forest Avenue,New York,NY,10011,CandelariaRBeckley@superrito.com,646-826-7207,1Z 880 0A6 03 4436 353 5
463,Joann,Trevino,1049 Gateway Road,Tigard,OR,97223,JoannJTrevino@teleworm.us,503-308-3279,1Z 031 W91 35 2613 095 3
464,Thelma,Sayers,2271 Bingamon Branch Road,Lake Villa,IL,60046,ThelmaJSayers@rhyta.com,847-265-9422,1Z 092 22V 09 4222 678 1
465,Noreen,Brown,1777 Meadowbrook Mall Road,Burbank,CA,91505,NoreenTBrown@armyspy.com,310-804-1402,1Z A02 116 14 3523 227 3
466,John,Williams,4331 Hall Place,Longview,TX,75604,JohnBWilliams@cuvox.de,903-721-0270,1Z 936 577 39 1753 263 2
467,Donald,Webb,1358 Armory Road,Fayetteville,NC,28301,DonaldTWebb@rhyta.com,910-728-8648,1Z 208 Y55 37 0473 133 7
468,Linda,Jones,4598 Anmoore Road,Brooklyn,NY,11201,LindaAJones@armyspy.com,718-797-5400,1Z 7E8 6V9 50 2686 119 1
469,Michael,Walker,636 Milford Street,Dover,NH,3820,MichaelEWalker@armyspy.com,603-743-5431,1Z Y05 768 53 6074 495 3
470,Stephen,Smith,3316 Still Pastures Drive,Irmo,SC,29063,StephenJSmith@fleckens.hu,803-387-4454,1Z 2Y3 0V3 59 7245 553 7
471,Mary,Cohen,4468 Lynch Street,Appleton,WI,54911,MaryDCohen@gustr.com,920-954-5340,1Z 670 1E7 12 2719 050 2
472,Richard,Bradshaw,2710 Pinnickinnick Street,Newark,NJ,7102,RichardMBradshaw@teleworm.us,732-810-6666,1Z 681 474 58 6296 709 3
473,Thomas,Diaz,860 Marshall Street,Salisbury,MD,21875,ThomasBDiaz@gustr.com,410-677-7203,1Z 655 081 83 7740 978 1
474,Larry,Porter,3802 Havanna Street,Greensboro,NC,27401,LarryTPorter@armyspy.com,336-370-7861,1Z 147 632 85 0139 200 5
475,Antoinette,Brown,2330 Columbia Road,Centennial,CO,80111,AntoinetteRBrown@gustr.com,303-224-0744,1Z 323 99E 06 2527 075 8
476,Patrick,Asbury,2566 Reeves Street,Milwaukee,WI,53202,PatrickMAsbury@armyspy.com,920-820-3025,1Z 538 177 14 8912 182 7
477,Sondra,Collins,777 Layman Court,Smyrna,GA,30082,SondraJCollins@teleworm.us,678-298-0985,1Z 003 018 09 9945 167 2
478,John,Smith,1009 Sardis Station,Minneapolis,MN,55411,JohnASmith@einrot.com,612-588-3308,1Z 6Y2 69A 65 3410 727 3
479,John,Wood,1370 Hood Avenue,San Diego,CA,92123,JohnMWood@rhyta.com,858-646-5600,1Z 751 86E 80 8315 342 9
480,Nancy,Nelson,2734 Heavens Way,Irvine,CA,92714,NancyJNelson@teleworm.us,949-260-8754,1Z 2W5 0V3 34 0705 591 3
481,Rebecca,Cote,4434 Post Farm Road,Atlanta,GA,30303,RebeccaECote@armyspy.com,404-221-6896,1Z 733 886 30 6406 983 9
482,Jose,Thomas,158 Mutton Town Road,Olympia,WA,98501,JoseLThomas@jourrapide.com,360-701-1455,1Z 5F0 167 31 2044 967 9
483,Ryan,Wenger,3915 Lang Avenue,Portage,UT,84331,RyanWWenger@rhyta.com,435-866-0693,1Z 9V6 502 95 5291 507 7
484,Steven,Silver,2945 Hidden Meadow Drive,Edmore,ND,58330,StevenBSilver@einrot.com,701-644-4906,1Z W34 741 46 0501 797 0
485,Jerome,Biggers,4443 Spinnaker Lane,Dekalb,IL,60115,JeromeGBiggers@fleckens.hu,815-761-2228,1Z 675 A96 55 5591 116 2
486,Tim,Lazar,4212 Khale Street,Yemassee,SC,29945,TimHLazar@rhyta.com,843-589-7081,1Z 8V5 9E0 72 4902 846 0
487,Patricia,Mueller,862 Charmaine Lane,Wheatley,TX,79373,PatriciaDMueller@cuvox.de,806-522-4431,1Z 1F1 F30 75 9320 203 6
488,Jose,Banning,712 Blackwell Street,Fairbanks,AK,99701,JoseLBanning@superrito.com,907-322-8903,1Z 60A 783 31 2185 658 7
489,Justin,Nalley,238 Spruce Drive,Irwin,PA,15642,JustinANalley@fleckens.hu,724-864-1641,1Z 563 770 06 4283 659 9
490,Jimmie,Lax,3477 Andell Road,Westerville,OH,43081,JimmieLLax@jourrapide.com,614-989-9069,1Z 537 E69 82 2507 038 5
491,Tina,Dvorak,2709 Redbud Drive,Elmsford,NY,10523,TinaKDvorak@gustr.com,347-739-0655,1Z 763 A22 31 3780 905 3
492,Jordan,Harris,2772 Valley View Drive,Boston,MA,2107,JordanMHarris@teleworm.us,617-662-3626,1Z 5Y5 169 40 4156 250 4
493,John,Cohen,2437 Romines Mill Road,Dallas,TX,75247,JohnVCohen@einrot.com,214-634-6065,1Z 093 668 94 9504 999 5
494,John,Bonds,139 Grim Avenue,San Diego,CA,92103,JohnABonds@teleworm.us,619-726-4455,1Z E77 334 71 4591 137 7
495,Clara,Siegel,1321 Tibbs Avenue,Helena,MT,59601,ClaraDSiegel@einrot.com,406-841-0959,1Z 603 E02 26 0108 159 2
496,Michael,Speicher,4859 Mulberry Street,Nacogdoches,TX,75961,MichaelLSpeicher@fleckens.hu,936-568-1518,1Z 324 5Y6 62 4820 447 6
497,Troy,Trott,4523 Wayback Lane,Riverhead,NY,11901,TroyMTrott@teleworm.us,631-369-1097,1Z 226 F06 72 3730 817 8
498,Clara,Rodriguez,1694 Providence Lane,La Puente,CA,91744,ClaraMRodriguez@dayrep.com,626-913-2705,1Z 9A3 544 09 4583 775 9
499,Dawn,Boyd,2782 Elliot Avenue,Seattle,WA,98109,DawnMBoyd@cuvox.de,206-541-9649,1Z 476 V09 93 1563 774 6
500,Nicholas,Oshiro,2168 Eagle Street,Opdyke,IL,62872,NicholasMOshiro@jourrapide.com,618-315-2796,1Z 113 A61 24 8547 864 1
501,Judy,Farthing,657 Formula Lane,Dallas,TX,75201,JudyLFarthing@superrito.com,469-621-3303,1Z 3F7 535 24 5098 842 3
502,Lawanda,Long,4280 Bingamon Branch Road,Lake Huntington,NY,12752,LawandaBLong@gustr.com,845-932-7797,1Z W80 058 92 3057 979 5
503,Krysta,Harrington,2906 Centennial Farm Road,Brayton,IA,50042,KrystaMHarrington@superrito.com,712-549-5187,1Z 495 206 50 8504 650 6
504,Juan,Vaughan,3396 Meadowview Drive,Lovettsville,VA,22080,JuanAVaughan@dayrep.com,540-822-4817,1Z 177 21E 44 3418 173 8
505,Randy,William,2240 Todds Lane,San Antonio,TX,78205,RandyDWilliam@einrot.com,210-476-1349,1Z 556 88E 98 9803 102 9
506,Kevin,Poole,3818 Dogwood Lane,Tucson,AZ,85701,KevinCPoole@teleworm.us,520-631-9734,1Z 2F6 217 46 0669 001 4
507,Shirley,Wafer,2147 Ritter Avenue,Detroit,MI,48226,ShirleyDWafer@armyspy.com,586-610-7106,1Z 644 333 33 2727 162 2
508,Ronald,Mills,3700 Sugar Camp Road,Rochester,MN,55902,RonaldJMills@einrot.com,507-529-5412,1Z 66E 029 23 7088 920 9
509,Roosevelt,English,4937 Bicetown Road,New York,NY,10004,RooseveltDEnglish@dayrep.com,917-320-9668,1Z 827 896 12 8644 527 5
510,Christine,Rawlings,4738 Davis Street,Jefferson,GA,30549,ChristineLRawlings@superrito.com,706-387-8348,1Z A00 099 36 5559 257 9
511,Joann,York,3846 Ingram Road,Greensboro,NC,27401,JoannGYork@superrito.com,336-682-8481,1Z A33 3F3 97 5636 616 6
512,Peggy,Fleming,4332 Sheila Lane,Silver Springs,NV,89429,PeggyDFleming@superrito.com,775-577-5928,1Z 5W6 V87 25 0736 543 2
513,Albert,Folse,183 Quincy Street,Fort Washington,PA,19034,AlbertBFolse@teleworm.us,267-465-2644,1Z 923 076 12 5201 944 5
514,Linda,Watson,1143 Straford Park,Lexington,KY,40507,LindaRWatson@jourrapide.com,606-644-0814,1Z 966 7V1 46 3819 457 6
515,Robert,McConville,4258 Walkers Ridge Way,Lombard,IL,60148,RobertRMcConville@dayrep.com,630-268-5935,1Z 32W 340 25 4019 359 6
516,Amber,Malmberg,2909 Counts Lane,New Britain,CT,6051,AmberSMalmberg@cuvox.de,860-225-6081,1Z 400 026 67 9714 743 8
517,Armando,Cordeiro,4613 Peck Street,Manchester,NH,3101,ArmandoPCordeiro@fleckens.hu,603-943-2230,1Z 125 543 77 6362 351 6
518,Joshua,Graff,2779 Heavner Court,Garden City,NY,11530,JoshuaFGraff@gustr.com,516-252-4297,1Z 108 119 11 7295 678 1
519,Iva,Matos,3377 Locust Court,Long Beach,CA,90807,IvaRMatos@einrot.com,562-426-4351,1Z 613 37W 87 2650 722 7
520,David,Hall,447 Private Lane,Albany,GA,31701,DavidTHall@fleckens.hu,229-351-9533,1Z 43A 019 04 0436 887 1
521,Diane,Emerick,4038 Sampson Street,Englewood,CO,80112,DianePEmerick@einrot.com,303-548-7144,1Z 7W3 F20 61 3898 568 1
522,Bobbie,Hunter,1938 Heather Sees Way,Okmulgee,OK,74447,BobbieCHunter@rhyta.com,918-752-4016,1Z F16 53E 09 5455 644 0
523,Raymond,Laub,794 Trails End Road,Miami,FL,33179,RaymondJLaub@dayrep.com,954-375-3431,1Z 95W F42 61 4854 640 3
524,Kimberly,Smith,1405 Spring Street,Champaign,IL,61820,KimberlyWSmith@rhyta.com,217-819-1429,1Z 604 271 19 0886 400 0
525,Joe,Valencia,1403 Heavner Avenue,Norcross,GA,30071,JoeJValencia@dayrep.com,770-825-9613,1Z 621 088 64 2842 521 1
526,Robert,Harrington,503 Lynn Avenue,Eau Claire,WI,54701,RobertJHarrington@fleckens.hu,715-492-1426,1Z 942 664 11 6903 184 7
527,Daisy,Waller,1519 Glendale Avenue,Northridge,CA,91324,DaisySWaller@dayrep.com,818-700-9749,1Z 044 Y69 92 1544 660 8
528,Thomas,Liller,1026 Edgewood Road,Memphis,TN,38117,ThomasMLiller@armyspy.com,901-234-1120,1Z 4V7 74V 90 1204 367 6
529,Curtis,Brown,4218 Myra Street,Newport,RI,2840,CurtisLBrown@armyspy.com,401-565-1553,1Z 440 076 05 2996 100 0
530,Mitchell,Mullet,3107 Fleming Street,Montgomery,AL,36107,MitchellEMullet@gustr.com,334-401-0055,1Z 4F2 687 40 4673 470 2
531,Virginia,Hicks,1306 Black Stallion Road,Winchester,KY,40391,VirginiaDHicks@armyspy.com,859-518-5357,1Z 9V5 338 95 8774 819 2
532,Melissa,Brown,1582 Pallet Street,New York,NY,10007,MelissaJBrown@fleckens.hu,914-441-4170,1Z 296 F31 31 8296 225 6
533,Sarah,Cadena,3472 Par Drive,Santa Monica,CA,90404,SarahTCadena@rhyta.com,805-852-8077,1Z 399 A28 08 2975 215 1
534,Christopher,Rufus,2176 Griffin Street,Phoenix,AZ,85034,ChristopherRRufus@rhyta.com,602-318-9124,1Z 225 886 36 2084 140 4
535,Debbra,Cook,2877 Walt Nuzum Farm Road,Wyoming,NY,14591,DebbraFCook@einrot.com,585-495-6493,1Z 156 669 66 3735 748 1
536,Levi,Lustig,1506 Carriage Lane,Sunbury,PA,17801,LeviKLustig@rhyta.com,570-286-3904,1Z 437 44Y 93 3169 025 1
537,Millie,Marquez,801 Owagner Lane,Seattle,WA,98101,MillieLMarquez@cuvox.de,206-287-4906,1Z A52 045 49 2879 253 6
538,Stefan,Johnson,2176 Brown Bear Drive,Hemet,CA,92543,StefanPJohnson@superrito.com,951-766-1067,1Z 967 Y56 74 9764 856 0
539,Rickey,Daniel,3905 Layman Avenue,Hazlehurst,GA,31539,RickeyDDaniel@armyspy.com,912-206-1146,1Z 130 622 02 6434 329 8
540,Daniel,Ping,4601 Clifford Street,Hayward,CA,94541,DanielSPing@armyspy.com,510-728-6571,1Z 659 584 34 4889 162 6
541,Matthew,Goslin,3604 Green Acres Road,Greenville,NC,27834,MatthewMGoslin@gustr.com,252-439-0436,1Z 996 17Y 19 2286 928 4
542,Marilyn,Bennett,4718 Boone Street,Corpus Christi,TX,78401,MarilynABennett@jourrapide.com,361-212-4503,1Z 951 117 22 9401 268 9
543,Amy,Grimes,1891 Elk Avenue,Plymouth,MI,48170,AmyJGrimes@teleworm.us,517-518-0003,1Z 193 318 92 8955 818 3
544,Phoebe,Joyce,4694 Bubby Drive,Austin,TX,78741,PhoebeHJoyce@dayrep.com,512-385-8704,1Z 241 497 42 7486 359 8
545,Virginia,Hamilton,4044 Anthony Avenue,San Angelo,TX,76903,VirginiaDHamilton@teleworm.us,325-939-7901,1Z 327 V20 07 9556 142 9
546,Dustin,Ford,864 Cherry Tree Drive,Jacksonville,FL,32216,DustinLFord@fleckens.hu,904-335-6166,1Z 6V6 634 89 5100 832 3
547,Karl,Burton,1838 Virginia Street,Chicago,IL,60611,KarlBBurton@teleworm.us,773-601-6336,1Z 74Y 056 18 8465 757 6
548,Rasheeda,Parker,1922 Cinnamon Lane,San Antonio,TX,78217,RasheedaKParker@rhyta.com,210-746-9975,1Z 102 503 52 8119 014 8
549,Carlos,Robinson,3401 Callison Lane,Philadelphia,DE,19103,CarlosBRobinson@dayrep.com,302-534-6027,1Z 654 704 72 0167 727 4
550,Michael,Cosme,2707 Brooke Street,Houston,TX,77020,MichaelACosme@teleworm.us,713-678-3248,1Z 941 479 51 8809 682 7
551,Laureen,Wyche,253 Elliot Avenue,Vashon,WA,98070,LaureenGWyche@jourrapide.com,206-567-1652,1Z 731 804 81 6726 572 5
552,Herman,Rivera,2187 Maple Court,Columbia,MO,65201,HermanMRivera@armyspy.com,573-443-3736,1Z 746 474 06 4780 104 4
553,Patricia,Peters,3565 Glendale Avenue,Burbank,CA,91504,PatriciaBPeters@fleckens.hu,818-720-6718,1Z 038 557 45 4615 568 3
554,Karen,Fry,2026 Woodrow Way,Saratoga,TX,77585,KarenEFry@einrot.com,936-274-0034,1Z 881 608 02 8664 397 6
555,Claude,Ready,3289 Elm Drive,New York,NY,10011,ClaudeSReady@superrito.com,646-391-2977,1Z 561 96F 33 4367 437 5
556,William,Johnson,2139 Laurel Lee,Kansas City,MO,64106,WilliamBJohnson@gustr.com,660-207-3184,1Z 48V Y39 41 8028 377 0
557,Joe,McGrath,1265 Oakway Lane,Van Nuys,CA,91405,JoeRMcGrath@gustr.com,818-267-9435,1Z 565 043 07 0976 506 0
558,Jessie,Delay,2852 Hart Street,Bloomfield,CT,6002,JessieHDelay@jourrapide.com,860-328-3591,1Z 949 179 74 9693 198 3
559,Lori,Harrell,3030 Locust Street,Pavo,GA,31778,LoriRHarrell@teleworm.us,229-859-6543,1Z 789 639 99 7471 347 2
560,Nancy,Crampton,2360 Chandler Drive,Branson,MO,65616,NancyJCrampton@cuvox.de,417-712-6920,1Z 452 317 55 6016 391 6
561,Christine,Lewis,654 Par Drive,Arroyo Grande,CA,93420,ChristineJLewis@rhyta.com,805-755-4214,1Z 520 140 73 0239 327 4
562,William,Anderson,1198 Sycamore Fork Road,Ft Lauderdale,FL,33311,WilliamFAnderson@armyspy.com,954-253-9324,1Z 004 595 10 6618 429 0
563,Maria,Weaver,1812 Java Lane,Columbia,SC,29201,MariaJWeaver@rhyta.com,803-572-4224,1Z 846 627 73 6269 027 9
564,Mae,Jablonski,2407 Beechwood Avenue,Sayreville,NJ,8872,MaeTJablonski@einrot.com,908-775-2161,1Z 609 Y38 25 3245 238 3
565,David,Erbe,3330 Byers Lane,Sacramento,CA,95814,DavidDErbe@dayrep.com,530-883-0397,1Z 024 344 55 8513 289 6
566,Gwen,Vasquez,1747 Medical Center Drive,Tampa,FL,33610,GwenJVasquez@superrito.com,941-375-2766,1Z 411 646 13 7348 854 4
567,Christine,Davis,1658 Corpening Drive,Southfield,MI,48075,ChristineWDavis@teleworm.us,248-365-3955,1Z 372 Y84 17 8486 348 7
568,Carolyn,Ryals,205 Caldwell Road,Perry,NY,14530,CarolynSRyals@gustr.com,585-237-4681,1Z 777 856 46 0303 290 2
569,Elizabeth,Burdett,2344 Camel Back Road,Tulsa,OK,74120,ElizabethKBurdett@cuvox.de,918-629-6359,1Z 549 644 91 8941 367 8
570,Ned,Henderson,3106 Adonais Way,Atlanta,GA,30328,NedBHenderson@dayrep.com,678-414-7266,1Z 2W0 7V2 87 4988 540 9
571,Justin,Levins,3734 Francis Mine,Chico,CA,95926,JustinKLevins@fleckens.hu,530-250-4210,1Z 093 730 51 0144 567 0
572,Donald,Ashley,94 Rogers Street,Cincinnati,OH,45202,DonaldEAshley@einrot.com,513-504-2837,1Z V03 475 23 4752 909 9
573,Rosalina,Jones,1937 Garfield Road,Davenport,IL,52807,RosalinaAJones@einrot.com,309-721-3532,1Z 191 789 12 9712 606 2
574,James,Cole,3579 Ferrell Street,Moorhead,MN,56560,JamesLCole@rhyta.com,218-477-8256,1Z 653 323 81 0048 712 5
575,Kimberly,Mendieta,744 Hornor Avenue,Claremore,OK,74017,KimberlyLMendieta@fleckens.hu,918-342-4101,1Z W28 W42 11 1949 414 2
576,Marian,Mojica,2487 Rainbow Road,Santa Fe Springs,CA,90670,MarianJMojica@fleckens.hu,626-230-6565,1Z 7E1 1F6 98 0972 083 8
577,Daniel,Golson,4900 Briercliff Road,Corona,NY,11368,DanielAGolson@superrito.com,718-699-9837,1Z 8A2 E88 81 1264 952 5
578,Phillip,Hunter,4119 Five Points,Easton,MD,21601,PhillipMHunter@dayrep.com,443-239-8864,1Z 596 484 12 7872 107 8
579,John,Lee,3503 Stark Hollow Road,Lake City,CO,81235,JohnLLee@rhyta.com,970-944-3877,1Z 170 236 64 2286 747 3
580,Patrick,Taylor,2992 Quarry Drive,New Brockton,AL,36351,PatrickLTaylor@rhyta.com,334-894-1519,1Z 49E 005 89 4617 689 1
581,Felicia,Johnson,4047 Poling Farm Road,Omaha,NE,68137,FeliciaWJohnson@teleworm.us,402-316-1629,1Z 023 508 79 8585 083 0
582,Jack,Perry,4587 Ashford Drive,Arlington,VA,22201,JackBPerry@einrot.com,703-651-6290,1Z 14F A39 68 5807 324 7
583,Bessie,Bahe,3848 Eastland Avenue,Jackson,MS,39213,BessiePBahe@armyspy.com,601-341-9869,1Z 5F2 087 44 6695 164 5
584,Sandra,Garrett,3282 Golden Ridge Road,Albany,NY,12210,SandraRGarrett@armyspy.com,518-314-8165,1Z 793 45A 45 2058 862 0
585,Orpha,Ferguson,331 Bingamon Road,Brecksville,OH,44141,OrphaJFerguson@rhyta.com,440-546-8184,1Z 70E 335 30 4678 753 3
586,William,White,3665 West Fork Drive,Hollywood,FL,33024,WilliamJWhite@einrot.com,954-432-2324,1Z 555 F00 20 9122 612 2
587,Darin,Malcolm,1514 Lucy Lane,Evansville,IN,47708,DarinMMalcolm@gustr.com,812-505-9116,1Z 8V1 63Y 93 2159 526 3
588,Claudia,Knowles,1455 Meadow Lane,Oakland,CA,94612,ClaudiaRKnowles@cuvox.de,707-289-4934,1Z 946 70W 89 6219 807 7
589,Charles,Crane,3085 Summit Street,Davenport,IA,52801,CharlesECrane@rhyta.com,563-607-0580,1Z 894 030 25 0438 319 9
590,Melvin,Morgan,1457 Mandan Road,Palmyra,MO,63461,MelvinAMorgan@armyspy.com,573-769-3339,1Z 489 764 27 2780 994 4
591,William,Ortega,3870 Stark Hollow Road,Basalt,CO,81621,WilliamLOrtega@dayrep.com,970-927-4029,1Z W73 Y60 52 0439 128 7
592,Warren,Ward,822 Straford Park,Lexington,KY,40507,WarrenAWard@einrot.com,606-657-3995,1Z 6E7 839 83 2957 466 4
593,Robert,Clopton,4404 Maple Court,Flat River,MO,63601,RobertKClopton@gustr.com,573-431-4073,1Z 734 749 86 3986 656 5
594,Carol,Flynn,2337 Hope Street,Tigard,OR,97223,CarolAFlynn@gustr.com,971-207-6481,1Z 358 455 18 0602 505 4
595,Evelyn,Garvin,3348 Sand Fork Road,South Bend,IN,46601,EvelynMGarvin@armyspy.com,574-870-1788,1Z 9V2 600 52 5187 236 4
596,Janet,Brenton,723 Little Acres Lane,Mount Olive,IL,62069,JanetCBrenton@armyspy.com,217-999-1446,1Z 210 285 89 2589 126 4
597,Sarah,Daugherty,4818 Monroe Street,Houston,TX,77047,SarahSDaugherty@rhyta.com,713-436-2283,1Z 753 425 84 4615 057 7
598,Henry,Cintron,2260 Indiana Avenue,Puu Kapolei,HI,96707,HenryGCintron@rhyta.com,808-693-5191,1Z 501 841 88 8217 659 7
599,Freida,Jarvis,4745 Oakridge Farm Lane,New Berlin,WI,53151,FreidaBJarvis@dayrep.com,262-325-8051,1Z 520 547 83 8132 415 3
600,Luis,Hill,4794 Bell Street,New York,NY,10036,LuisEHill@cuvox.de,212-205-0950,1Z 439 605 23 1693 746 2
